"STATION","NAME","LATITUDE","LONGITUDE","ELEVATION","DATE","AWND","AWND_ATTRIBUTES","DAPR","DAPR_ATTRIBUTES","MDPR","MDPR_ATTRIBUTES","PRCP","PRCP_ATTRIBUTES","SNOW","SNOW_ATTRIBUTES","SNWD","SNWD_ATTRIBUTES","TAVG","TAVG_ATTRIBUTES","TMAX","TMAX_ATTRIBUTES","TMIN","TMIN_ATTRIBUTES","TOBS","TOBS_ATTRIBUTES","WDF2","WDF2_ATTRIBUTES","WDF5","WDF5_ATTRIBUTES","WESD","WESD_ATTRIBUTES","WSF2","WSF2_ATTRIBUTES","WSF5","WSF5_ATTRIBUTES"
"USS0010E06S","SYLVAN LAKE, WY US","44.48","-110.16","2566.4","2023-12-01",,,,,,,"0.20",",,T",,,"21.0",",,T","20",",,T","24",",,T","18",",,T","18",",,T",,,,,"4.4",",,T",,,,
"USS0010E06S","SYLVAN LAKE, WY US","44.48","-110.16","2566.4","2023-12-02",,,,,,,"0.20",",,T",,,"21.0",",,T","20",",,T","24",",,T","17",",,T","17",",,T",,,,,"4.6",",,T",,,,
"USS0010E06S","SYLVAN LAKE, WY US","44.48","-110.16","2566.4","2023-12-03",,,,,,,"0.20",",,T",,,"21.0",",,T","22",",,T","30",",,T","11",",,T","30",",,T",,,,,"4.8",",,T",,,,
"USS0010E06S","SYLVAN LAKE, WY US","44.48","-110.16","2566.4","2023-12-04",,,,,,,"0.10",",,T",,,"20.0",",,T","31",",,T","34",",,T","30",",,T","31",",,T",,,,,"4.8",",,T",,,,
"USS0010E06S","SYLVAN LAKE, WY US","44.48","-110.16","2566.4","2023-12-05",,,,,,,"0.00",",,T",,,"20.0",",,T","34",",,T","37",",,T","31",",,T","33",",,T",,,,,"4.8",",,T",,,,
"USS0010E06S","SYLVAN LAKE, WY US","44.48","-110.16","2566.4","2023-12-06",,,,,,,"0.00",",,T",,,"20.0",",,T","36",",,T","44",",,T","30",",,T","36",",,T",,,,,"4.8",",,T",,,,
"USS0010E06S","SYLVAN LAKE, WY US","44.48","-110.16","2566.4","2023-12-07",,,,,,,"0.40",",,T",,,"23.0",",,T","28",",,T","36",",,T","22",",,T","22",",,T",,,,,"5.2",",,T",,,,
"USS0010E06S","SYLVAN LAKE, WY US","44.48","-110.16","2566.4","2023-12-08",,,,,,,"0.50",",,T",,,"28.0",",,T","20",",,T","28",",,T","10",",,T","13",",,T",,,,,"5.6",",,T",,,,
"USS0010E06S","SYLVAN LAKE, WY US","44.48","-110.16","2566.4","2023-12-09",,,,,,,"0.00",",,T",,,"27.0",",,T","13",",,T","19",",,T","9",",,T","13",",,T",,,,,"5.6",",,T",,,,
"USS0010E06S","SYLVAN LAKE, WY US","44.48","-110.16","2566.4","2023-12-10",,,,,,,"0.30",",,T",,,"30.0",",,T","19",",,T","22",",,T","13",",,T","22",",,T",,,,,"5.9",",,T",,,,
"USS0010E06S","SYLVAN LAKE, WY US","44.48","-110.16","2566.4","2023-12-11",,,,,,,"0.00",",,T",,,"27.0",",,T","24",",,T","38",",,T","19",",,T","22",",,T",,,,,"5.9",",,T",,,,
"USS0010E06S","SYLVAN LAKE, WY US","44.48","-110.16","2566.4","2023-12-12",,,,,,,"0.00",",,T",,,"26.0",",,T","20",",,T","36",",,T","9",",,T","16",",,T",,,,,"5.9",",,T",,,,
"USS0010E06S","SYLVAN LAKE, WY US","44.48","-110.16","2566.4","2023-12-13",,,,,,,"0.00",",,T",,,"26.0",",,T","15",",,T","42",",,T","4",",,T","10",",,T",,,,,"5.9",",,T",,,,
"USS0010E06S","SYLVAN LAKE, WY US","44.48","-110.16","2566.4","2023-12-14",,,,,,,"0.00",",,T",,,"25.0",",,T","16",",,T","40",",,T","7",",,T","10",",,T",,,,,"5.9",",,T",,,,
"USS0010E06S","SYLVAN LAKE, WY US","44.48","-110.16","2566.4","2023-12-15",,,,,,,"0.00",",,T",,,"23.0",",,T","17",",,T","40",",,T","7",",,T","12",",,T",,,,,"5.9",",,T",,,,
"USS0010E06S","SYLVAN LAKE, WY US","44.48","-110.16","2566.4","2023-12-16",,,,,,,"0.00",",,T",,,"24.0",",,T","19",",,T","39",",,T","10",",,T","15",",,T",,,,,"6.0",",,T",,,,
"USS0010E06S","SYLVAN LAKE, WY US","44.48","-110.16","2566.4","2023-12-17",,,,,,,"0.00",",,T",,,"24.0",",,T","18",",,T","38",",,T","9",",,T","11",",,T",,,,,"6.0",",,T",,,,
"USS0010E06S","SYLVAN LAKE, WY US","44.48","-110.16","2566.4","2023-12-18",,,,,,,"0.10",",,T",,,"24.0",",,T","26",",,T","40",",,T","11",",,T","33",",,T",,,,,"6.0",",,T",,,,
"USS0010E06S","SYLVAN LAKE, WY US","44.48","-110.16","2566.4","2023-12-19",,,,,,,"0.00",",,T",,,"24.0",",,T","32",",,T","40",",,T","23",",,T","30",",,T",,,,,"6.0",",,T",,,,
"USS0010E06S","SYLVAN LAKE, WY US","44.48","-110.16","2566.4","2023-12-20",,,,,,,"0.10",",,T",,,"23.0",",,T","33",",,T","41",",,T","29",",,T","32",",,T",,,,,"6.1",",,T",,,,
"USS0010E06S","SYLVAN LAKE, WY US","44.48","-110.16","2566.4","2023-12-21",,,,,,,"0.00",",,T",,,"25.0",",,T","34",",,T","38",",,T","32",",,T","33",",,T",,,,,"6.1",",,T",,,,
"USS0010E06S","SYLVAN LAKE, WY US","44.48","-110.16","2566.4","2023-12-22",,,,,,,"0.00",",,T",,,"23.0",",,T","33",",,T","37",",,T","31",",,T","32",",,T",,,,,"6.1",",,T",,,,
"USS0010E06S","SYLVAN LAKE, WY US","44.48","-110.16","2566.4","2023-12-23",,,,,,,"0.10",",,T",,,"25.0",",,T","24",",,T","33",",,T","12",",,T","12",",,T",,,,,"6.1",",,T",,,,
"USS0010E06S","SYLVAN LAKE, WY US","44.48","-110.16","2566.4","2023-12-24",,,,,,,"0.00",",,T",,,"25.0",",,T","10",",,T","26",",,T","-4",",,T","10",",,T",,,,,"6.1",",,T",,,,
"USS0010E06S","SYLVAN LAKE, WY US","44.48","-110.16","2566.4","2023-12-25",,,,,,,"0.00",",,T",,,"24.0",",,T","7",",,T","25",",,T","-4",",,T","-4",",,T",,,,,"6.1",",,T",,,,
"USS0010E06S","SYLVAN LAKE, WY US","44.48","-110.16","2566.4","2023-12-26",,,,,,,"0.00",",,T",,,"25.0",",,T","9",",,T","35",",,T","-4",",,T","8",",,T",,,,,"6.2",",,T",,,,
"USS0010E06S","SYLVAN LAKE, WY US","44.48","-110.16","2566.4","2023-12-27",,,,,,,"0.00",",,T",,,"25.0",",,T","13",",,T","37",",,T","3",",,T","5",",,T",,,,,"6.2",",,T",,,,
"USS0010E06S","SYLVAN LAKE, WY US","44.48","-110.16","2566.4","2023-12-28",,,,,,,"0.00",",,T",,,"25.0",",,T","18",",,T","37",",,T","5",",,T","12",",,T",,,,,"6.2",",,T",,,,
"USS0010E06S","SYLVAN LAKE, WY US","44.48","-110.16","2566.4","2023-12-29",,,,,,,"0.00",",,T",,,"25.0",",,T","23",",,T","38",",,T","11",",,T","16",",,T",,,,,"6.2",",,T",,,,
"USS0010E06S","SYLVAN LAKE, WY US","44.48","-110.16","2566.4","2023-12-30",,,,,,,"0.00",",,T",,,"25.0",",,T","24",",,T","44",",,T","14",",,T","19",",,T",,,,,"6.2",",,T",,,,
"USS0010E06S","SYLVAN LAKE, WY US","44.48","-110.16","2566.4","2023-12-31",,,,,,,"0.00",",,T",,,"25.0",",,T","22",",,T","39",",,T","10",",,T","10",",,T",,,,,"6.2",",,T",,,,
"USS0010E17S","TWO OCEAN PLATEAU, WY US","44.15","-110.22","2816.4","2023-12-01",,,,,,,"0.20",",,T",,,"28.0",",,T","16",",,T","24",",,T","13",",,T","14",",,T",,,,,"5.5",",,T",,,,
"USS0010E17S","TWO OCEAN PLATEAU, WY US","44.15","-110.22","2816.4","2023-12-02",,,,,,,"0.70",",,T",,,"36.0",",,T","16",",,T","21",",,T","11",",,T","11",",,T",,,,,"6.3",",,T",,,,
"USS0010E17S","TWO OCEAN PLATEAU, WY US","44.15","-110.22","2816.4","2023-12-03",,,,,,,"0.30",",,T",,,"35.0",",,T","18",",,T","26",",,T","9",",,T","26",",,T",,,,,"6.6",",,T",,,,
"USS0010E17S","TWO OCEAN PLATEAU, WY US","44.15","-110.22","2816.4","2023-12-04",,,,,,,"0.20",",,T",,,"33.0",",,T","27",",,T","31",",,T","25",",,T","28",",,T",,,,,"6.8",",,T",,,,
"USS0010E17S","TWO OCEAN PLATEAU, WY US","44.15","-110.22","2816.4","2023-12-05",,,,,,,"0.00",",,T",,,"32.0",",,T","31",",,T","36",",,T","27",",,T","27",",,T",,,,,"6.9",",,T",,,,
"USS0010E17S","TWO OCEAN PLATEAU, WY US","44.15","-110.22","2816.4","2023-12-06",,,,,,,"0.00",",,T",,,"31.0",",,T","28",",,T","37",",,T","22",",,T","26",",,T",,,,,"6.9",",,T",,,,
"USS0010E17S","TWO OCEAN PLATEAU, WY US","44.15","-110.22","2816.4","2023-12-07",,,,,,,"0.90",",,T",,,"42.0",",,T","24",",,T","29",",,T","17",",,T","18",",,T",,,,,"8.2",",,T",,,,
"USS0010E17S","TWO OCEAN PLATEAU, WY US","44.15","-110.22","2816.4","2023-12-08",,,,,,,"0.40",",,T",,,"47.0",",,T","16",",,T","24",",,T","9",",,T","10",",,T",,,,,"8.6",",,T",,,,
"USS0010E17S","TWO OCEAN PLATEAU, WY US","44.15","-110.22","2816.4","2023-12-09",,,,,,,"0.00",",,T",,,"46.0",",,T","8",",,T","17",",,T","1",",,T","8",",,T",,,,,"8.6",",,T",,,,
"USS0010E17S","TWO OCEAN PLATEAU, WY US","44.15","-110.22","2816.4","2023-12-10",,,,,,,"0.20",",,T",,,"44.0",",,T","15",",,T","22",",,T","8",",,T","18",",,T",,,,,"8.8",",,T",,,,
"USS0010E17S","TWO OCEAN PLATEAU, WY US","44.15","-110.22","2816.4","2023-12-11",,,,,,,"0.00",",,T",,,"42.0",",,T","21",",,T","31",",,T","12",",,T","12",",,T",,,,,"8.8",",,T",,,,
"USS0010E17S","TWO OCEAN PLATEAU, WY US","44.15","-110.22","2816.4","2023-12-12",,,,,,,"0.00",",,T",,,"39.0",",,T","17",",,T","27",",,T","9",",,T","13",",,T",,,,,"8.8",",,T",,,,
"USS0010E17S","TWO OCEAN PLATEAU, WY US","44.15","-110.22","2816.4","2023-12-13",,,,,,,"0.00",",,T",,,"38.0",",,T","17",",,T","31",",,T","7",",,T","15",",,T",,,,,"8.8",",,T",,,,
"USS0010E17S","TWO OCEAN PLATEAU, WY US","44.15","-110.22","2816.4","2023-12-14",,,,,,,"0.00",",,T",,,"37.0",",,T","18",",,T","33",",,T","12",",,T","12",",,T",,,,,"8.8",",,T",,,,
"USS0010E17S","TWO OCEAN PLATEAU, WY US","44.15","-110.22","2816.4","2023-12-15",,,,,,,"0.00",",,T",,,"36.0",",,T","18",",,T","33",",,T","11",",,T","16",",,T",,,,,"8.8",",,T",,,,
"USS0010E17S","TWO OCEAN PLATEAU, WY US","44.15","-110.22","2816.4","2023-12-16",,,,,,,"0.00",",,T",,,"36.0",",,T","19",",,T","32",",,T","13",",,T","15",",,T",,,,,"8.8",",,T",,,,
"USS0010E17S","TWO OCEAN PLATEAU, WY US","44.15","-110.22","2816.4","2023-12-17",,,,,,,"0.00",",,T",,,"36.0",",,T","18",",,T","34",",,T","11",",,T","14",",,T",,,,,"8.8",",,T",,,,
"USS0010E17S","TWO OCEAN PLATEAU, WY US","44.15","-110.22","2816.4","2023-12-18",,,,,,,"0.10",",,T",,,"36.0",",,T","25",",,T","37",",,T","14",",,T","25",",,T",,,,,"8.9",",,T",,,,
"USS0010E17S","TWO OCEAN PLATEAU, WY US","44.15","-110.22","2816.4","2023-12-19",,,,,,,"0.00",",,T",,,"36.0",",,T","26",",,T","35",",,T","22",",,T","25",",,T",,,,,"8.9",",,T",,,,
"USS0010E17S","TWO OCEAN PLATEAU, WY US","44.15","-110.22","2816.4","2023-12-20",,,,,,,"0.20",",,T",,,"36.0",",,T","29",",,T","36",",,T","25",",,T","29",",,T",,,,,"9.0",",,T",,,,
"USS0010E17S","TWO OCEAN PLATEAU, WY US","44.15","-110.22","2816.4","2023-12-21",,,,,,,"0.00",",,T",,,"37.0",",,T","29",",,T","35",",,T","25",",,T","27",",,T",,,,,"9.0",",,T",,,,
"USS0010E17S","TWO OCEAN PLATEAU, WY US","44.15","-110.22","2816.4","2023-12-22",,,,,,,"0.00",",,T",,,"37.0",",,T","29",",,T","34",",,T","25",",,T","27",",,T",,,,,"9.0",",,T",,,,
"USS0010E17S","TWO OCEAN PLATEAU, WY US","44.15","-110.22","2816.4","2023-12-23",,,,,,,"0.10",",,T",,,"38.0",",,T","20",",,T","27",",,T","10",",,T","10",",,T",,,,,"9.1",",,T",,,,
"USS0010E17S","TWO OCEAN PLATEAU, WY US","44.15","-110.22","2816.4","2023-12-24",,,,,,,"0.00",",,T",,,"38.0",",,T","6",",,T","17",",,T","-6",",,T","-6",",,T",,,,,"9.2",",,T",,,,
"USS0010E17S","TWO OCEAN PLATEAU, WY US","44.15","-110.22","2816.4","2023-12-25",,,,,,,"0.00",",,T",,,"37.0",",,T","3",",,T","18",",,T","-6",",,T","4",",,T",,,,,"9.2",",,T",,,,
"USS0010E17S","TWO OCEAN PLATEAU, WY US","44.15","-110.22","2816.4","2023-12-26",,,,,,,"0.00",",,T",,,"36.0",",,T","12",",,T","27",",,T","3",",,T","9",",,T",,,,,"9.2",",,T",,,,
"USS0010E17S","TWO OCEAN PLATEAU, WY US","44.15","-110.22","2816.4","2023-12-27",,,,,,,"0.00",",,T",,,"36.0",",,T","15",",,T","29",",,T","7",",,T","12",",,T",,,,,"9.2",",,T",,,,
"USS0010E17S","TWO OCEAN PLATEAU, WY US","44.15","-110.22","2816.4","2023-12-28",,,,,,,"0.00",",,T",,,"36.0",",,T","22",",,T","37",",,T","12",",,T","14",",,T",,,,,"9.2",",,T",,,,
"USS0010E17S","TWO OCEAN PLATEAU, WY US","44.15","-110.22","2816.4","2023-12-29",,,,,,,"0.00",",,T",,,"36.0",",,T","22",",,T","36",",,T","14",",,T","17",",,T",,,,,"9.2",",,T",,,,
"USS0010E17S","TWO OCEAN PLATEAU, WY US","44.15","-110.22","2816.4","2023-12-30",,,,,,,"0.00",",,T",,,"36.0",",,T","24",",,T","36",",,T","16",",,T","23",",,T",,,,,"9.2",",,T",,,,
"USS0010E17S","TWO OCEAN PLATEAU, WY US","44.15","-110.22","2816.4","2023-12-31",,,,,,,"0.00",",,T",,,"36.0",",,T","24",",,T","38",",,T","13",",,T","13",",,T",,,,,"9.2",",,T",,,,
"USS0010E03S","CANYON, WY US","44.72","-110.51","2398.8","2023-12-01",,,,,,,"0.20",",,T",,,"8.0",",,T","19",",,T","26",",,T","12",",,T","18",",,T",,,,,"1.9",",,T",,,,
"USS0010E03S","CANYON, WY US","44.72","-110.51","2398.8","2023-12-02",,,,,,,"0.30",",,T",,,"12.0",",,T","20",",,T","24",",,T","11",",,T","11",",,T",,,,,"2.2",",,T",,,,
"USS0010E03S","CANYON, WY US","44.72","-110.51","2398.8","2023-12-03",,,,,,,"0.20",",,T",,,"11.0",",,T","19",",,T","30",",,T","3",",,T","30",",,T",,,,,"2.3",",,T",,,,
"USS0010E03S","CANYON, WY US","44.72","-110.51","2398.8","2023-12-04",,,,,,,"0.10",",,T",,,"12.0",",,T","32",",,T","36",",,T","29",",,T","33",",,T",,,,,"2.4",",,T",,,,
"USS0010E03S","CANYON, WY US","44.72","-110.51","2398.8","2023-12-05",,,,,,,"0.00",",,T",,,"12.0",",,T","34",",,T","37",",,T","29",",,T","29",",,T",,,,,"2.4",",,T",,,,
"USS0010E03S","CANYON, WY US","44.72","-110.51","2398.8","2023-12-06",,,,,,,"0.00",",,T",,,"12.0",",,T","29",",,T","39",",,T","21",",,T","23",",,T",,,,,"2.4",",,T",,,,
"USS0010E03S","CANYON, WY US","44.72","-110.51","2398.8","2023-12-07",,,,,,,"0.20",",,T",,,"13.0",",,T","27",",,T","33",",,T","21",",,T","23",",,T",,,,,"2.6",",,T",,,,
"USS0010E03S","CANYON, WY US","44.72","-110.51","2398.8","2023-12-08",,,,,,,"0.00",",,T",,,"13.0",",,T","19",",,T","25",",,T","7",",,T","7",",,T",,,,,"2.6",",,T",,,,
"USS0010E03S","CANYON, WY US","44.72","-110.51","2398.8","2023-12-09",,,,,,,"0.00",",,T",,,"14.0",",,T","11",",,T","20",",,T","-1",",,T","15",",,T",,,,,"2.7",",,T",,,,
"USS0010E03S","CANYON, WY US","44.72","-110.51","2398.8","2023-12-10",,,,,,,"0.10",",,T",,,"14.0",",,T","19",",,T","23",",,T","15",",,T","20",",,T",,,,,"2.8",",,T",,,,
"USS0010E03S","CANYON, WY US","44.72","-110.51","2398.8","2023-12-11",,,,,,,"0.00",",,T",,,"14.0",",,T","24",",,T","31",",,T","19",",,T","19",",,T",,,,,"2.8",",,T",,,,
"USS0010E03S","CANYON, WY US","44.72","-110.51","2398.8","2023-12-12",,,,,,,"0.00",",,T",,,"14.0",",,T","15",",,T","29",",,T","1",",,T","1",",,T",,,,,"2.8",",,T",,,,
"USS0010E03S","CANYON, WY US","44.72","-110.51","2398.8","2023-12-13",,,,,,,"0.00",",,T",,,"12.0",",,T","6",",,T","24",",,T","-12",",,T","3",",,T",,,,,"2.8",",,T",,,,
"USS0010E03S","CANYON, WY US","44.72","-110.51","2398.8","2023-12-14",,,,,,,"0.10",",,T",,,"14.0",",,T","11",",,T","27",",,T","-4",",,T","10",",,T",,,,,"2.9",",,T",,,,
"USS0010E03S","CANYON, WY US","44.72","-110.51","2398.8","2023-12-15",,,,,,,"0.00",",,T",,,"13.0",",,T","16",",,T","29",",,T","4",",,T","8",",,T",,,,,"2.9",",,T",,,,
"USS0010E03S","CANYON, WY US","44.72","-110.51","2398.8","2023-12-16",,,,,,,"0.00",",,T",,,"13.0",",,T","15",",,T","30",",,T","1",",,T","13",",,T",,,,,"2.9",",,T",,,,
"USS0010E03S","CANYON, WY US","44.72","-110.51","2398.8","2023-12-17",,,,,,,"0.00",",,T",,,"13.0",",,T","16",",,T","31",",,T","3",",,T","8",",,T",,,,,"2.9",",,T",,,,
"USS0010E03S","CANYON, WY US","44.72","-110.51","2398.8","2023-12-18",,,,,,,"0.10",",,T",,,"13.0",",,T","18",",,T","35",",,T","1",",,T","28",",,T",,,,,"2.9",",,T",,,,
"USS0010E03S","CANYON, WY US","44.72","-110.51","2398.8","2023-12-19",,,,,,,"0.00",",,T",,,"12.0",",,T","29",",,T","39",",,T","18",",,T","19",",,T",,,,,"2.9",",,T",,,,
"USS0010E03S","CANYON, WY US","44.72","-110.51","2398.8","2023-12-20",,,,,,,"0.10",",,T",,,"12.0",",,T","31",",,T","38",",,T","19",",,T","32",",,T",,,,,"3.0",",,T",,,,
"USS0010E03S","CANYON, WY US","44.72","-110.51","2398.8","2023-12-21",,,,,,,"0.00",",,T",,,"11.0",",,T","33",",,T","40",",,T","29",",,T","30",",,T",,,,,"3.0",",,T",,,,
"USS0010E03S","CANYON, WY US","44.72","-110.51","2398.8","2023-12-22",,,,,,,"0.00",",,T",,,"12.0",",,T","33",",,T","38",",,T","30",",,T","32",",,T",,,,,"3.0",",,T",,,,
"USS0010E03S","CANYON, WY US","44.72","-110.51","2398.8","2023-12-23",,,,,,,"0.00",",,T",,,"13.0",",,T","24",",,T","32",",,T","13",",,T","14",",,T",,,,,"3.0",",,T",,,,
"USS0010E03S","CANYON, WY US","44.72","-110.51","2398.8","2023-12-24",,,,,,,"0.00",",,T",,,"13.0",",,T","7",",,T","19",",,T","-9",",,T","-9",",,T",,,,,"2.9",",,T",,,,
"USS0010E03S","CANYON, WY US","44.72","-110.51","2398.8","2023-12-25",,,,,,,"0.00",",,T",,,"13.0",",,T","-2",",,T","15",",,T","-16",",,T","-5",",,T",,,,,"2.9",",,T",,,,
"USS0010E03S","CANYON, WY US","44.72","-110.51","2398.8","2023-12-26",,,,,,,"0.00",",,T",,,"14.0",",,T","7",",,T","23",",,T","-10",",,T","6",",,T",,,,,"3.0",",,T",,,,
"USS0010E03S","CANYON, WY US","44.72","-110.51","2398.8","2023-12-27",,,,,,,"0.00",",,T",,,"13.0",",,T","9",",,T","24",",,T","-5",",,T","0",",,T",,,,,"3.0",",,T",,,,
"USS0010E03S","CANYON, WY US","44.72","-110.51","2398.8","2023-12-28",,,,,,,"0.10",",,T",,,"12.0",",,T","15",",,T","31",",,T","0",",,T","7",",,T",,,,,"3.1",",,T",,,,
"USS0010E03S","CANYON, WY US","44.72","-110.51","2398.8","2023-12-29",,,,,,,"0.00",",,T",,,"12.0",",,T","17",",,T","31",",,T","2",",,T","12",",,T",,,,,"3.2",",,T",,,,
"USS0010E03S","CANYON, WY US","44.72","-110.51","2398.8","2023-12-30",,,,,,,"0.00",",,T",,,"12.0",",,T","18",",,T","35",",,T","3",",,T","17",",,T",,,,,"3.2",",,T",,,,
"USS0010E03S","CANYON, WY US","44.72","-110.51","2398.8","2023-12-31",,,,,,,"0.00",",,T",,,"14.0",",,T","20",",,T","34",",,T","7",",,T","7",",,T",,,,,"3.1",",,T",,,,
"USS0010E09S","LEWIS LAKE DIVIDE, WY US","44.21","-110.67","2392.7","2023-12-01",,,,,,,"0.70",",,T",,,"29.0",",,T","20",",,T","26",",,T","16",",,T","20",",,T",,,,,"4.7",",,T",,,,
"USS0010E09S","LEWIS LAKE DIVIDE, WY US","44.21","-110.67","2392.7","2023-12-02",,,,,,,"1.20",",,T",,,"36.0",",,T","21",",,T","26",",,T","17",",,T","18",",,T",,,,,"5.9",",,T",,,,
"USS0010E09S","LEWIS LAKE DIVIDE, WY US","44.21","-110.67","2392.7","2023-12-03",,,,,,,"0.40",",,T",,,"34.0",",,T","22",",,T","29",",,T","14",",,T","29",",,T",,,,,"6.3",",,T",,,,
"USS0010E09S","LEWIS LAKE DIVIDE, WY US","44.21","-110.67","2392.7","2023-12-04",,,,,,,"0.30",",,T",,,"33.0",",,T","31",",,T","33",",,T","29",",,T","33",",,T",,,,,"6.5",",,T",,,,
"USS0010E09S","LEWIS LAKE DIVIDE, WY US","44.21","-110.67","2392.7","2023-12-05",,,,,,,"0.10",",,T",,,"30.0",",,T","34",",,T","35",",,T","30",",,T","30",",,T",,,,,"6.6",",,T",,,,
"USS0010E09S","LEWIS LAKE DIVIDE, WY US","44.21","-110.67","2392.7","2023-12-06",,,,,,,"0.00",",,T",,,"29.0",",,T","31",",,T","40",",,T","25",",,T","29",",,T",,,,,"6.7",",,T",,,,
"USS0010E09S","LEWIS LAKE DIVIDE, WY US","44.21","-110.67","2392.7","2023-12-07",,,,,,,"1.90",",,T",,,"45.0",",,T","27",",,T","31",",,T","23",",,T","23",",,T",,,,,"8.6",",,T",,,,
"USS0010E09S","LEWIS LAKE DIVIDE, WY US","44.21","-110.67","2392.7","2023-12-08",,,,,,,"0.60",",,T",,,"48.0",",,T","20",",,T","28",",,T","9",",,T","11",",,T",,,,,"9.2",",,T",,,,
"USS0010E09S","LEWIS LAKE DIVIDE, WY US","44.21","-110.67","2392.7","2023-12-09",,,,,,,"0.00",",,T",,,"46.0",",,T","12",",,T","19",",,T","8",",,T","13",",,T",,,,,"9.3",",,T",,,,
"USS0010E09S","LEWIS LAKE DIVIDE, WY US","44.21","-110.67","2392.7","2023-12-10",,,,,,,"0.20",",,T",,,"45.0",",,T","20",",,T","23",",,T","13",",,T","23",",,T",,,,,"9.5",",,T",,,,
"USS0010E09S","LEWIS LAKE DIVIDE, WY US","44.21","-110.67","2392.7","2023-12-11",,,,,,,"0.00",",,T",,,"43.0",",,T","24",",,T","33",",,T","18",",,T","18",",,T",,,,,"9.4",",,T",,,,
"USS0010E09S","LEWIS LAKE DIVIDE, WY US","44.21","-110.67","2392.7","2023-12-12",,,,,,,"0.00",",,T",,,"42.0",",,T","21",",,T","33",",,T","12",",,T","12",",,T",,,,,"9.4",",,T",,,,
"USS0010E09S","LEWIS LAKE DIVIDE, WY US","44.21","-110.67","2392.7","2023-12-13",,,,,,,"0.00",",,T",,,"40.0",",,T","18",",,T","35",",,T","5",",,T","14",",,T",,,,,"9.4",",,T",,,,
"USS0010E09S","LEWIS LAKE DIVIDE, WY US","44.21","-110.67","2392.7","2023-12-14",,,,,,,"0.00",",,T",,,"38.0",",,T","20",",,T","35",",,T","6",",,T","17",",,T",,,,,"9.4",",,T",,,,
"USS0010E09S","LEWIS LAKE DIVIDE, WY US","44.21","-110.67","2392.7","2023-12-15",,,,,,,"0.00",",,T",,,"38.0",",,T","22",",,T","32",",,T","13",",,T","20",",,T",,,,,"9.4",",,T",,,,
"USS0010E09S","LEWIS LAKE DIVIDE, WY US","44.21","-110.67","2392.7","2023-12-16",,,,,,,"0.00",",,T",,,"38.0",",,T","22",",,T","35",",,T","15",",,T","15",",,T",,,,,"9.4",",,T",,,,
"USS0010E09S","LEWIS LAKE DIVIDE, WY US","44.21","-110.67","2392.7","2023-12-17",,,,,,,"0.00",",,T",,,"36.0",",,T","23",",,T","34",",,T","15",",,T","20",",,T",,,,,"9.4",",,T",,,,
"USS0010E09S","LEWIS LAKE DIVIDE, WY US","44.21","-110.67","2392.7","2023-12-18",,,,,,,"0.10",",,T",,,"36.0",",,T","24",",,T","36",",,T","12",",,T","28",",,T",,,,,"9.4",",,T",,,,
"USS0010E09S","LEWIS LAKE DIVIDE, WY US","44.21","-110.67","2392.7","2023-12-19",,,,,,,"0.00",",,T",,,"36.0",",,T","31",",,T","39",",,T","24",",,T","30",",,T",,,,,"9.4",",,T",,,,
"USS0010E09S","LEWIS LAKE DIVIDE, WY US","44.21","-110.67","2392.7","2023-12-20",,,,,,,"0.20",",,T",,,"37.0",",,T","31",",,T","35",",,T","28",",,T","32",",,T",,,,,"9.6",",,T",,,,
"USS0010E09S","LEWIS LAKE DIVIDE, WY US","44.21","-110.67","2392.7","2023-12-21",,,,,,,"0.00",",,T",,,"37.0",",,T","33",",,T","36",",,T","31",",,T","32",",,T",,,,,"9.6",",,T",,,,
"USS0010E09S","LEWIS LAKE DIVIDE, WY US","44.21","-110.67","2392.7","2023-12-22",,,,,,,"0.00",",,T",,,"37.0",",,T","32",",,T","35",",,T","29",",,T","30",",,T",,,,,"9.7",",,T",,,,
"USS0010E09S","LEWIS LAKE DIVIDE, WY US","44.21","-110.67","2392.7","2023-12-23",,,,,,,"0.20",",,T",,,"40.0",",,T","23",",,T","30",",,T","15",",,T","15",",,T",,,,,"9.9",",,T",,,,
"USS0010E09S","LEWIS LAKE DIVIDE, WY US","44.21","-110.67","2392.7","2023-12-24",,,,,,,"0.00",",,T",,,"38.0",",,T","11",",,T","24",",,T","-2",",,T","0",",,T",,,,,"9.9",",,T",,,,
"USS0010E09S","LEWIS LAKE DIVIDE, WY US","44.21","-110.67","2392.7","2023-12-25",,,,,,,"0.00",",,T",,,"37.0",",,T","6",",,T","25",",,T","-10",",,T","1",",,T",,,,,"9.9",",,T",,,,
"USS0010E09S","LEWIS LAKE DIVIDE, WY US","44.21","-110.67","2392.7","2023-12-26",,,,,,,"0.00",",,T",,,"36.0",",,T","9",",,T","26",",,T","-9",",,T","10",",,T",,,,,"9.9",",,T",,,,
"USS0010E09S","LEWIS LAKE DIVIDE, WY US","44.21","-110.67","2392.7","2023-12-27",,,,,,,"0.00",",,T",,,"36.0",",,T","15",",,T","31",",,T","3",",,T","10",",,T",,,,,"9.9",",,T",,,,
"USS0010E09S","LEWIS LAKE DIVIDE, WY US","44.21","-110.67","2392.7","2023-12-28",,,,,,,"0.00",",,T",,,"36.0",",,T","21",",,T","36",",,T","9",",,T","15",",,T",,,,,"9.9",",,T",,,,
"USS0010E09S","LEWIS LAKE DIVIDE, WY US","44.21","-110.67","2392.7","2023-12-29",,,,,,,"0.00",",,T",,,"36.0",",,T","22",",,T","37",",,T","13",",,T","18",",,T",,,,,"9.9",",,T",,,,
"USS0010E09S","LEWIS LAKE DIVIDE, WY US","44.21","-110.67","2392.7","2023-12-30",,,,,,,"0.00",",,T",,,"36.0",",,T","25",",,T","38",",,T","14",",,T","27",",,T",,,,,"9.9",",,T",,,,
"USS0010E09S","LEWIS LAKE DIVIDE, WY US","44.21","-110.67","2392.7","2023-12-31",,,,,,,"0.00",",,T",,,"36.0",",,T","27",",,T","39",",,T","17",",,T","17",",,T",,,,,"9.9",",,T",,,,
"USS0010E07S","THUMB DIVIDE, WY US","44.37","-110.58","2432.3","2023-12-01",,,,,,,"0.00",",,T",,,"12.0",",,T","19",",,T","27",",,T","12",",,T","18",",,T",,,,,"2.9",",,T",,,,
"USS0010E07S","THUMB DIVIDE, WY US","44.37","-110.58","2432.3","2023-12-02",,,,,,,"0.40",",,T",,,"18.0",",,T","20",",,T","24",",,T","15",",,T","15",",,T",,,,,"3.3",",,T",,,,
"USS0010E07S","THUMB DIVIDE, WY US","44.37","-110.58","2432.3","2023-12-03",,,,,,,"0.10",",,T",,,"16.0",",,T","20",",,T","29",",,T","9",",,T","29",",,T",,,,,"3.5",",,T",,,,
"USS0010E07S","THUMB DIVIDE, WY US","44.37","-110.58","2432.3","2023-12-04",,,,,,,"0.10",",,T",,,"16.0",",,T","31",",,T","36",",,T","29",",,T","32",",,T",,,,,"3.6",",,T",,,,
"USS0010E07S","THUMB DIVIDE, WY US","44.37","-110.58","2432.3","2023-12-05",,,,,,,"0.00",",,T",,,"16.0",",,T","34",",,T","36",",,T","30",",,T","30",",,T",,,,,"3.6",",,T",,,,
"USS0010E07S","THUMB DIVIDE, WY US","44.37","-110.58","2432.3","2023-12-06",,,,,,,"0.00",",,T",,,"16.0",",,T","30",",,T","41",",,T","20",",,T","22",",,T",,,,,"3.6",",,T",,,,
"USS0010E07S","THUMB DIVIDE, WY US","44.37","-110.58","2432.3","2023-12-07",,,,,,,"0.60",",,T",,,"27.0",",,T","26",",,T","30",",,T","19",",,T","22",",,T",,,,,"4.4",",,T",,,,
"USS0010E07S","THUMB DIVIDE, WY US","44.37","-110.58","2432.3","2023-12-08",,,,,,,"0.50",",,T",,,"28.0",",,T","19",",,T","28",",,T","7",",,T","7",",,T",,,,,"4.9",",,T",,,,
"USS0010E07S","THUMB DIVIDE, WY US","44.37","-110.58","2432.3","2023-12-09",,,,,,,"0.00",",,T",,,"25.0",",,T","11",",,T","20",",,T","1",",,T","13",",,T",,,,,"4.9",",,T",,,,
"USS0010E07S","THUMB DIVIDE, WY US","44.37","-110.58","2432.3","2023-12-10",,,,,,,"0.20",",,T",,,"27.0",",,T","19",",,T","24",",,T","13",",,T","22",",,T",,,,,"5.1",",,T",,,,
"USS0010E07S","THUMB DIVIDE, WY US","44.37","-110.58","2432.3","2023-12-11",,,,,,,"0.00",",,T",,,"24.0",",,T","24",",,T","36",",,T","12",",,T","12",",,T",,,,,"5.1",",,T",,,,
"USS0010E07S","THUMB DIVIDE, WY US","44.37","-110.58","2432.3","2023-12-12",,,,,,,"0.00",",,T",,,"22.0",",,T","16",",,T","35",",,T","0",",,T","0",",,T",,,,,"5.1",",,T",,,,
"USS0010E07S","THUMB DIVIDE, WY US","44.37","-110.58","2432.3","2023-12-13",,,,,,,"0.00",",,T",,,"21.0",",,T","13",",,T","36",",,T","-3",",,T","2",",,T",,,,,"5.1",",,T",,,,
"USS0010E07S","THUMB DIVIDE, WY US","44.37","-110.58","2432.3","2023-12-14",,,,,,,"0.00",",,T",,,"20.0",",,T","16",",,T","36",",,T","0",",,T","8",",,T",,,,,"5.1",",,T",,,,
"USS0010E07S","THUMB DIVIDE, WY US","44.37","-110.58","2432.3","2023-12-15",,,,,,,"0.00",",,T",,,"20.0",",,T","16",",,T","37",",,T","0",",,T","6",",,T",,,,,"5.1",",,T",,,,
"USS0010E07S","THUMB DIVIDE, WY US","44.37","-110.58","2432.3","2023-12-16",,,,,,,"0.00",",,T",,,"19.0",",,T","16",",,T","35",",,T","-1",",,T","16",",,T",,,,,"5.0",",,T",,,,
"USS0010E07S","THUMB DIVIDE, WY US","44.37","-110.58","2432.3","2023-12-17",,,,,,,"0.00",",,T",,,"19.0",",,T","19",",,T","40",",,T","5",",,T","5",",,T",,,,,"5.0",",,T",,,,
"USS0010E07S","THUMB DIVIDE, WY US","44.37","-110.58","2432.3","2023-12-18",,,,,,,"0.00",",,T",,,"19.0",",,T","19",",,T","42",",,T","0",",,T","26",",,T",,,,,"5.0",",,T",,,,
"USS0010E07S","THUMB DIVIDE, WY US","44.37","-110.58","2432.3","2023-12-19",,,,,,,"0.00",",,T",,,"20.0",",,T","27",",,T","42",",,T","18",",,T","24",",,T",,,,,"5.0",",,T",,,,
"USS0010E07S","THUMB DIVIDE, WY US","44.37","-110.58","2432.3","2023-12-20",,,,,,,"0.10",",,T",,,"21.0",",,T","29",",,T","36",",,T","20",",,T","31",",,T",,,,,"5.1",",,T",,,,
"USS0010E07S","THUMB DIVIDE, WY US","44.37","-110.58","2432.3","2023-12-21",,,,,,,"0.00",",,T",,,"21.0",",,T","32",",,T","38",",,T","28",",,T","28",",,T",,,,,"5.1",",,T",,,,
"USS0010E07S","THUMB DIVIDE, WY US","44.37","-110.58","2432.3","2023-12-22",,,,,,,"0.10",",,T",,,"21.0",",,T","31",",,T","37",",,T","27",",,T","29",",,T",,,,,"5.2",",,T",,,,
"USS0010E07S","THUMB DIVIDE, WY US","44.37","-110.58","2432.3","2023-12-23",,,,,,,"0.00",",,T",,,"21.0",",,T","22",",,T","30",",,T","9",",,T","9",",,T",,,,,"5.2",",,T",,,,
"USS0010E07S","THUMB DIVIDE, WY US","44.37","-110.58","2432.3","2023-12-24",,,,,,,"0.00",",,T",,,"21.0",",,T","5",",,T","25",",,T","-16",",,T","-16",",,T",,,,,"5.2",",,T",,,,
"USS0010E07S","THUMB DIVIDE, WY US","44.37","-110.58","2432.3","2023-12-25",,,,,,,"0.00",",,T",,,"21.0",",,T","-3",",,T","24",",,T","-22",",,T","-4",",,T",,,,,"5.2",",,T",,,,
"USS0010E07S","THUMB DIVIDE, WY US","44.37","-110.58","2432.3","2023-12-26",,,,,,,"0.00",",,T",,,"21.0",",,T","7",",,T","28",",,T","-15",",,T","4",",,T",,,,,"5.2",",,T",,,,
"USS0010E07S","THUMB DIVIDE, WY US","44.37","-110.58","2432.3","2023-12-27",,,,,,,"0.00",",,T",,,"21.0",",,T","11",",,T","34",",,T","-3",",,T","-1",",,T",,,,,"5.2",",,T",,,,
"USS0010E07S","THUMB DIVIDE, WY US","44.37","-110.58","2432.3","2023-12-28",,,,,,,"0.00",",,T",,,"21.0",",,T","16",",,T","40",",,T","-1",",,T","3",",,T",,,,,"5.2",",,T",,,,
"USS0010E07S","THUMB DIVIDE, WY US","44.37","-110.58","2432.3","2023-12-29",,,,,,,"0.00",",,T",,,"21.0",",,T","14",",,T","37",",,T","-3",",,T","6",",,T",,,,,"5.2",",,T",,,,
"USS0010E07S","THUMB DIVIDE, WY US","44.37","-110.58","2432.3","2023-12-30",,,,,,,"0.00",",,T",,,"21.0",",,T","18",",,T","44",",,T","-2",",,T","19",",,T",,,,,"5.2",",,T",,,,
"USS0010E07S","THUMB DIVIDE, WY US","44.37","-110.58","2432.3","2023-12-31",,,,,,,"0.00",",,T",,,"21.0",",,T","22",",,T","42",",,T","3",",,T","3",",,T",,,,,"5.2",",,T",,,,
"USS0010E20S","SYLVAN ROAD, WY US","44.46","-110.14","2170.2","2023-12-01",,,,,,,"0.20",",,T",,,"10.0",",,T","23",",,T","29",",,T","21",",,T","22",",,T",,,,,"1.6",",,T",,,,
"USS0010E20S","SYLVAN ROAD, WY US","44.46","-110.14","2170.2","2023-12-02",,,,,,,"0.10",",,T",,,"10.0",",,T","24",",,T","28",",,T","21",",,T","21",",,T",,,,,"1.8",",,T",,,,
"USS0010E20S","SYLVAN ROAD, WY US","44.46","-110.14","2170.2","2023-12-03",,,,,,,"0.10",",,T",,,"9.0",",,T","26",",,T","34",",,T","17",",,T","34",",,T",,,,,"1.9",",,T",,,,
"USS0010E20S","SYLVAN ROAD, WY US","44.46","-110.14","2170.2","2023-12-04",,,,,,,"0.10",",,T",,,"9.0",",,T","34",",,T","38",",,T","32",",,T","36",",,T",,,,,"2.1",",,T",,,,
"USS0010E20S","SYLVAN ROAD, WY US","44.46","-110.14","2170.2","2023-12-05",,,,,,,"0.00",",,T",,,"9.0",",,T","36",",,T","41",",,T","26",",,T","26",",,T",,,,,"2.1",",,T",,,,
"USS0010E20S","SYLVAN ROAD, WY US","44.46","-110.14","2170.2","2023-12-06",,,,,,,"0.00",",,T",,,"9.0",",,T","28",",,T","49",",,T","20",",,T","24",",,T",,,,,"2.1",",,T",,,,
"USS0010E20S","SYLVAN ROAD, WY US","44.46","-110.14","2170.2","2023-12-07",,,,,,,"0.20",",,T",,,"10.0",",,T","29",",,T","36",",,T","24",",,T","25",",,T",,,,,"2.4",",,T",,,,
"USS0010E20S","SYLVAN ROAD, WY US","44.46","-110.14","2170.2","2023-12-08",,,,,,,"0.50",",,T",,,"14.0",",,T","22",",,T","32",",,T","10",",,T","15",",,T",,,,,"2.8",",,T",,,,
"USS0010E20S","SYLVAN ROAD, WY US","44.46","-110.14","2170.2","2023-12-09",,,,,,,"0.00",",,T",,,"12.0",",,T","16",",,T","23",",,T","9",",,T","17",",,T",,,,,"2.8",",,T",,,,
"USS0010E20S","SYLVAN ROAD, WY US","44.46","-110.14","2170.2","2023-12-10",,,,,,,"0.10",",,T",,,"14.0",",,T","22",",,T","26",",,T","17",",,T","23",",,T",,,,,"2.9",",,T",,,,
"USS0010E20S","SYLVAN ROAD, WY US","44.46","-110.14","2170.2","2023-12-11",,,,,,,"0.00",",,T",,,"14.0",",,T","26",",,T","40",",,T","21",",,T","24",",,T",,,,,"2.9",",,T",,,,
"USS0010E20S","SYLVAN ROAD, WY US","44.46","-110.14","2170.2","2023-12-12",,,,,,,"0.10",",,T",,,"13.0",",,T","14",",,T","28",",,T","0",",,T","0",",,T",,,,,"2.9",",,T",,,,
"USS0010E20S","SYLVAN ROAD, WY US","44.46","-110.14","2170.2","2023-12-13",,,,,,,"0.10",",,T",,,"13.0",",,T","4",",,T","24",",,T","-5",",,T","3",",,T",,,,,"2.8",",,T",,,,
"USS0010E20S","SYLVAN ROAD, WY US","44.46","-110.14","2170.2","2023-12-14",,,,,,,"0.00",",,T",,,"12.0",",,T","11",",,T","34",",,T","2",",,T","8",",,T",,,,,"2.8",",,T",,,,
"USS0010E20S","SYLVAN ROAD, WY US","44.46","-110.14","2170.2","2023-12-15",,,,,,,"0.00",",,T",,,"12.0",",,T","13",",,T","31",",,T","5",",,T","9",",,T",,,,,"2.8",",,T",,,,
"USS0010E20S","SYLVAN ROAD, WY US","44.46","-110.14","2170.2","2023-12-16",,,,,,,"0.00",",,T",,,"12.0",",,T","19",",,T","36",",,T","8",",,T","18",",,T",,,,,"2.8",",,T",,,,
"USS0010E20S","SYLVAN ROAD, WY US","44.46","-110.14","2170.2","2023-12-17",,,,,,,"0.00",",,T",,,"12.0",",,T","18",",,T","36",",,T","8",",,T","8",",,T",,,,,"2.8",",,T",,,,
"USS0010E20S","SYLVAN ROAD, WY US","44.46","-110.14","2170.2","2023-12-18",,,,,,,"0.00",",,T",,,"12.0",",,T","18",",,T","36",",,T","5",",,T","24",",,T",,,,,"2.8",",,T",,,,
"USS0010E20S","SYLVAN ROAD, WY US","44.46","-110.14","2170.2","2023-12-19",,,,,,,"0.00",",,T",,,"12.0",",,T","28",",,T","46",",,T","19",",,T","24",",,T",,,,,"2.9",",,T",,,,
"USS0010E20S","SYLVAN ROAD, WY US","44.46","-110.14","2170.2","2023-12-20",,,,,,,"0.00",",,T",,,"12.0",",,T","30",",,T","42",",,T","24",",,T","29",",,T",,,,,"2.9",",,T",,,,
"USS0010E20S","SYLVAN ROAD, WY US","44.46","-110.14","2170.2","2023-12-21",,,,,,,"0.00",",,T",,,"12.0",",,T","34",",,T","41",",,T","29",",,T","31",",,T",,,,,"2.9",",,T",,,,
"USS0010E20S","SYLVAN ROAD, WY US","44.46","-110.14","2170.2","2023-12-22",,,,,,,"0.00",",,T",,,"12.0",",,T","33",",,T","42",",,T","29",",,T","30",",,T",,,,,"2.9",",,T",,,,
"USS0010E20S","SYLVAN ROAD, WY US","44.46","-110.14","2170.2","2023-12-23",,,,,,,"0.10",",,T",,,"12.0",",,T","26",",,T","32",",,T","17",",,T","17",",,T",,,,,"3.0",",,T",,,,
"USS0010E20S","SYLVAN ROAD, WY US","44.46","-110.14","2170.2","2023-12-24",,,,,,,"0.00",",,T",,,"11.0",",,T","10",",,T","26",",,T","-5",",,T","-5",",,T",,,,,"3.0",",,T",,,,
"USS0010E20S","SYLVAN ROAD, WY US","44.46","-110.14","2170.2","2023-12-25",,,,,,,"0.00",",,T",,,"11.0",",,T","1",",,T","19",",,T","-9",",,T","-4",",,T",,,,,"2.9",",,T",,,,
"USS0010E20S","SYLVAN ROAD, WY US","44.46","-110.14","2170.2","2023-12-26",,,,,,,"0.10",",,T",,,"13.0",",,T","9",",,T","31",",,T","-6",",,T","8",",,T",,,,,"2.9",",,T",,,,
"USS0010E20S","SYLVAN ROAD, WY US","44.46","-110.14","2170.2","2023-12-27",,,,,,,"0.00",",,T",,,"12.0",",,T","8",",,T","31",",,T","0",",,T","1",",,T",,,,,"2.9",",,T",,,,
"USS0010E20S","SYLVAN ROAD, WY US","44.46","-110.14","2170.2","2023-12-28",,,,,,,"0.00",",,T",,,"12.0",",,T","18",",,T","42",",,T","1",",,T","8",",,T",,,,,"2.9",",,T",,,,
"USS0010E20S","SYLVAN ROAD, WY US","44.46","-110.14","2170.2","2023-12-29",,,,,,,"0.10",",,T",,,"13.0",",,T","20",",,T","43",",,T","6",",,T","14",",,T",,,,,"2.8",",,T",,,,
"USS0010E20S","SYLVAN ROAD, WY US","44.46","-110.14","2170.2","2023-12-30",,,,,,,"0.00",",,T",,,"12.0",",,T","17",",,T","30",",,T","9",",,T","14",",,T",,,,,"2.8",",,T",,,,
"USS0010E20S","SYLVAN ROAD, WY US","44.46","-110.14","2170.2","2023-12-31",,,,,,,"0.00",",,T",,,"13.0",",,T","22",",,T","42",",,T","10",",,T","10",",,T",,,,,"2.8",",,T",,,,
"USC00485355","LAMAR RANGER STATION, WY US","44.89553","-110.23416","2004.1","2023-12-01",,,,,,,"0.00",",,7,0800","0.0",",,7,0800","0.0",",,7,0800",,,"34",",,7","14",",,7",,,,,,,,,,,,
"USC00485355","LAMAR RANGER STATION, WY US","44.89553","-110.23416","2004.1","2023-12-02",,,,,,,"0.00",",,7,0800","0.0",",,7,0800","0.0",",,7,0800",,,"30",",,7","17",",,7",,,,,,,,,,,,
"USC00485355","LAMAR RANGER STATION, WY US","44.89553","-110.23416","2004.1","2023-12-03",,,,,,,"0.07",",,7,0800","0.8",",,7,0800","1.0",",,7,0800",,,"28",",,7","13",",,7",,,,,,,,,,,,
"USC00485355","LAMAR RANGER STATION, WY US","44.89553","-110.23416","2004.1","2023-12-04",,,,,,,"0.12",",,7,0800","2.0",",,7,0800","3.0",",,7,0800",,,"35",",,7","13",",,7",,,,,,,,,,,,
"USC00485355","LAMAR RANGER STATION, WY US","44.89553","-110.23416","2004.1","2023-12-05",,,,,,,"0.02",",,7,0800","0.0",",,7,0800","2.0",",,7,0800",,,"40",",,7","33",",,7",,,,,,,,,,,,
"USC00485355","LAMAR RANGER STATION, WY US","44.89553","-110.23416","2004.1","2023-12-06",,,,,,,"0.00",",,7,0800","0.0",",,7,0800","0.0",",,7,0800",,,"42",",,7","23",",,7",,,,,,,,,,,,
"USC00485355","LAMAR RANGER STATION, WY US","44.89553","-110.23416","2004.1","2023-12-07",,,,,,,"0.08",",,7,0800","1.0",",,7,0800","1.0",",,7,0800",,,"47",",,7","22",",,7",,,,,,,,,,,,
"USC00485355","LAMAR RANGER STATION, WY US","44.89553","-110.23416","2004.1","2023-12-08",,,,,,,"0.05",",,7,0800","0.8",",,7,0800","1.0",",,7,0800",,,"37",",,7","18",",,7",,,,,,,,,,,,
"USC00485355","LAMAR RANGER STATION, WY US","44.89553","-110.23416","2004.1","2023-12-09",,,,,,,"0.00","T,,7,0800","0.0","T,,7,0800","1.0",",,7,0800",,,"27",",,7","4",",,7",,,,,,,,,,,,
"USC00485355","LAMAR RANGER STATION, WY US","44.89553","-110.23416","2004.1","2023-12-10",,,,,,,"0.04",",,7,0800","0.9",",,7,0800","2.0",",,7,0800",,,"26",",,7","4",",,7",,,,,,,,,,,,
"USC00485355","LAMAR RANGER STATION, WY US","44.89553","-110.23416","2004.1","2023-12-11",,,,,,,"0.04",",,7,0800","0.8",",,7,0800","3.0",",,7,0800",,,"26",",,7","21",",,7",,,,,,,,,,,,
"USC00485355","LAMAR RANGER STATION, WY US","44.89553","-110.23416","2004.1","2023-12-12",,,,,,,"0.00",",,7,0800","0.0",",,7,0800","2.0",",,7,0800",,,"34",",,7","5",",,7",,,,,,,,,,,,
"USC00485355","LAMAR RANGER STATION, WY US","44.89553","-110.23416","2004.1","2023-12-13",,,,,,,"0.00",",,7,0800","0.0",",,7,0800","2.0",",,7,0800",,,"31",",,7","-9",",,7",,,,,,,,,,,,
"USC00485355","LAMAR RANGER STATION, WY US","44.89553","-110.23416","2004.1","2023-12-14",,,,,,,"0.00",",,7,0800","0.0",",,7,0800","2.0",",,7,0800",,,"31",",,7","-9",",,7",,,,,,,,,,,,
"USC00485355","LAMAR RANGER STATION, WY US","44.89553","-110.23416","2004.1","2023-12-15",,,,,,,"0.00",",,7,0800","0.0",",,7,0800","2.0",",,7,0800",,,"29",",,7","-3",",,7",,,,,,,,,,,,
"USC00485355","LAMAR RANGER STATION, WY US","44.89553","-110.23416","2004.1","2023-12-16",,,,,,,"0.00",",,7,0800","0.0",",,7,0800","2.0",",,7,0800",,,"31",",,7","-1",",,7",,,,,,,,,,,,
"USC00485355","LAMAR RANGER STATION, WY US","44.89553","-110.23416","2004.1","2023-12-17",,,,,,,"0.00",",,7,0800","0.0",",,7,0800","2.0",",,7,0800",,,"32",",,7","1",",,7",,,,,,,,,,,,
"USC00485355","LAMAR RANGER STATION, WY US","44.89553","-110.23416","2004.1","2023-12-18",,,,,,,"0.00",",,7,0800","0.0",",,7,0800","2.0",",,7,0800",,,"36",",,7","-3",",,7",,,,,,,,,,,,
"USC00485355","LAMAR RANGER STATION, WY US","44.89553","-110.23416","2004.1","2023-12-19",,,,,,,"0.00",",,7,0800","0.0",",,7,0800","2.0",",,7,0800",,,"28",",,7","1",",,7",,,,,,,,,,,,
"USC00485355","LAMAR RANGER STATION, WY US","44.89553","-110.23416","2004.1","2023-12-20",,,,,,,"0.00","T,,7,0800","0.0","T,,7,0800","2.0",",,7,0800",,,"44",",,7","19",",,7",,,,,,,,,,,,
"USC00485355","LAMAR RANGER STATION, WY US","44.89553","-110.23416","2004.1","2023-12-21",,,,,,,"0.00",",,7,0800","0.0",",,7,0800","2.0",",,7,0800",,,"37",",,7","26",",,7",,,,,,,,,,,,
"USC00485355","LAMAR RANGER STATION, WY US","44.89553","-110.23416","2004.1","2023-12-22",,,,,,,"0.00",",,7,0800","0.0",",,7,0800","1.0",",,7,0800",,,"43",",,7","28",",,7",,,,,,,,,,,,
"USC00485355","LAMAR RANGER STATION, WY US","44.89553","-110.23416","2004.1","2023-12-23",,,,,,,"0.00","T,,7,0800","0.0","T,,7,0800","1.0",",,7,0800",,,"42",",,7","26",",,7",,,,,,,,,,,,
"USC00485355","LAMAR RANGER STATION, WY US","44.89553","-110.23416","2004.1","2023-12-24",,,,,,,"0.00","T,,7,0800","0.0","T,,7,0800","1.0",",,7,0800",,,"33",",,7","6",",,7",,,,,,,,,,,,
"USC00485355","LAMAR RANGER STATION, WY US","44.89553","-110.23416","2004.1","2023-12-25",,,,,,,"0.00",",,7,0800","0.0",",,7,0800","1.0",",,7,0800",,,"26",",,7","-8",",,7",,,,,,,,,,,,
"USC00485355","LAMAR RANGER STATION, WY US","44.89553","-110.23416","2004.1","2023-12-26",,,,,,,"0.00",",,7,0800","0.0",",,7,0800","1.0",",,7,0800",,,"21",",,7","-8",",,7",,,,,,,,,,,,
"USC00485355","LAMAR RANGER STATION, WY US","44.89553","-110.23416","2004.1","2023-12-27",,,,,,,"0.00",",,7,0800","0.0",",,7,0800","1.0",",,7,0800",,,"24",",,7","-7",",,7",,,,,,,,,,,,
"USC00485355","LAMAR RANGER STATION, WY US","44.89553","-110.23416","2004.1","2023-12-28",,,,,,,"0.00",",,7,0800","0.0",",,7,0800","1.0",",,7,0800",,,"29",",,7","2",",,7",,,,,,,,,,,,
"USC00485355","LAMAR RANGER STATION, WY US","44.89553","-110.23416","2004.1","2023-12-29",,,,,,,"0.00",",,7,0800","0.0",",,7,0800","1.0",",,7,0800",,,"33",",,7","5",",,7",,,,,,,,,,,,
"USC00485355","LAMAR RANGER STATION, WY US","44.89553","-110.23416","2004.1","2023-12-30",,,,,,,"0.00",",,7,0800","0.0",",,7,0800","1.0",",,7,0800",,,"29",",,7","5",",,7",,,,,,,,,,,,
"USC00485355","LAMAR RANGER STATION, WY US","44.89553","-110.23416","2004.1","2023-12-31",,,,,,,"0.00",",,7,0800","0.0",",,7,0800","1.0",",,7,0800",,,"36",",,7","6",",,7",,,,,,,,,,,,
"USW00094173","YELLOWSTONE LAKE, WY US","44.544778","-110.422064","2372.0","2023-12-01","4.25",",,W",,,,,"0.03",",,W",,,,,,,"25",",,W","13",",,W",,,"  270",",,W","  270",",,W",,,"12.1",",,W","25.1",",,W"
"USW00094173","YELLOWSTONE LAKE, WY US","44.544778","-110.422064","2372.0","2023-12-02","5.14",",,W",,,,,"0.13",",,W",,,,,,,"23",",,W","9",",,W",,,"  290",",,W","  260",",,W",,,"16.1",",,W","29.1",",,W"
"USW00094173","YELLOWSTONE LAKE, WY US","44.544778","-110.422064","2372.0","2023-12-03","3.13",",,W",,,,,"0.11",",,W",,,,,,,"28",",,W","-2",",,W",,,"  280",",,W","  280",",,W",,,"13.0",",,W","21.0",",,W"
"USW00094173","YELLOWSTONE LAKE, WY US","44.544778","-110.422064","2372.0","2023-12-04","4.25",",,W",,,,,"0.07",",,W",,,,,,,"35",",,W","28",",,W",,,"  270",",,W","  240",",,W",,,"14.1",",,W","28.0",",,W"
"USW00094173","YELLOWSTONE LAKE, WY US","44.544778","-110.422064","2372.0","2023-12-05","1.12",",,W",,,,,"0.00",",,W",,,,,,,"36",",,W","27",",,W",,,"  280",",,W","  300",",,W",,,"6.9",",,W","13.0",",,W"
"USW00094173","YELLOWSTONE LAKE, WY US","44.544778","-110.422064","2372.0","2023-12-06","1.57",",,W",,,,,"0.00",",,W",,,,,,,"42",",,W","18",",,W",,,"  300",",,W","  200",",,W",,,"6.0",",,W","14.1",",,W"
"USW00094173","YELLOWSTONE LAKE, WY US","44.544778","-110.422064","2372.0","2023-12-07","5.59",",,W",,,,,"0.31",",,W",,,,,,,"29",",,W","17",",,W",,,"  280",",,W","  240",",,W",,,"15.0",",,W","31.1",",,W"
"USW00094173","YELLOWSTONE LAKE, WY US","44.544778","-110.422064","2372.0","2023-12-08","2.01",",,W",,,,,"0.23",",,W",,,,,,,"23",",,W","4",",,W",,,"  310",",,W","  300",",,W",,,"8.9",",,W","17.0",",,W"
"USW00094173","YELLOWSTONE LAKE, WY US","44.544778","-110.422064","2372.0","2023-12-09","2.01",",,W",,,,,"0.00",",,W",,,,,,,"17",",,W","-3",",,W",,,"  280",",,W","  290",",,W",,,"8.9",",,W","19.9",",,W"
"USW00094173","YELLOWSTONE LAKE, WY US","44.544778","-110.422064","2372.0","2023-12-10","1.12",",,W",,,,,"0.15",",,W",,,,,,,"20",",,W","12",",,W",,,"  260",",,W","  290",",,W",,,"10.1",",,W","21.9",",,W"
"USW00094173","YELLOWSTONE LAKE, WY US","44.544778","-110.422064","2372.0","2023-12-11","0.45",",,W",,,,,"0.00",",,W",,,,,,,"29",",,W","15",",,W",,,"  320",",,W","   90",",,W",,,"4.9",",,W","8.9",",,W"
"USW00094173","YELLOWSTONE LAKE, WY US","44.544778","-110.422064","2372.0","2023-12-12","0.00",",,W",,,,,"0.00",",,W",,,,,,,"31",",,W","2",",,W",,,"  300",",,W","   70",",,W",,,"4.9",",,W","10.1",",,W"
"USW00094173","YELLOWSTONE LAKE, WY US","44.544778","-110.422064","2372.0","2023-12-13","0.45",",,W",,,,,"0.00",",,W",,,,,,,"23",",,W","-3",",,W",,,"  320",",,W","  320",",,W",,,"4.9",",,W","6.9",",,W"
"USW00094173","YELLOWSTONE LAKE, WY US","44.544778","-110.422064","2372.0","2023-12-14","2.01",",,W",,,,,"0.00",",,W",,,,,,,"26",",,W","3",",,W",,,"  320",",,W","  120",",,W",,,"4.9",",,W","6.9",",,W"
"USW00094173","YELLOWSTONE LAKE, WY US","44.544778","-110.422064","2372.0","2023-12-15","0.89",",,W",,,,,"0.00",",,W",,,,,,,"26",",,W","6",",,W",,,"  310",",,W","  310",",,W",,,"4.9",",,W","8.1",",,W"
"USW00094173","YELLOWSTONE LAKE, WY US","44.544778","-110.422064","2372.0","2023-12-16","0.89",",,W",,,,,"0.00",",,W",,,,,,,"30",",,W","5",",,W",,,"  310",",,W","  290",",,W",,,"6.0",",,W","8.9",",,W"
"USW00094173","YELLOWSTONE LAKE, WY US","44.544778","-110.422064","2372.0","2023-12-17","1.57",",,W",,,,,"0.00",",,W",,,,,,,"33",",,W","3",",,W",,,"  280",",,W","  270",",,W",,,"6.0",",,W","6.9",",,W"
"USW00094173","YELLOWSTONE LAKE, WY US","44.544778","-110.422064","2372.0","2023-12-18","0.89",",,W",,,,,"0.00",",,W",,,,,,,"30",",,W","2",",,W",,,"  270",",,W","  230",",,W",,,"10.1",",,W","17.0",",,W"
"USW00094173","YELLOWSTONE LAKE, WY US","44.544778","-110.422064","2372.0","2023-12-19","0.89",",,W",,,,,"0.00",",,W",,,,,,,"39",",,W","17",",,W",,,"  270",",,W","  170",",,W",,,"6.0",",,W","12.1",",,W"
"USW00094173","YELLOWSTONE LAKE, WY US","44.544778","-110.422064","2372.0","2023-12-20","0.22",",,W",,,,,"0.04",",,W",,,,,,,"34",",,W","19",",,W",,,"  110",",,W","  110",",,W",,,"4.9",",,W","6.0",",,W"
"USW00094173","YELLOWSTONE LAKE, WY US","44.544778","-110.422064","2372.0","2023-12-21","0.67",",,W",,,,,"0.04",",,W",,,,,,,"37",",,W","23",",,W",,,"  270",",,W","  290",",,W",,,"8.1",",,W","15.0",",,W"
"USW00094173","YELLOWSTONE LAKE, WY US","44.544778","-110.422064","2372.0","2023-12-22","0.22",",,W",,,,,"0.02",",,W",,,,,,,"36",",,W","24",",,W",,,"  270",",,W","  250",",,W",,,"6.9",",,W","13.0",",,W"
"USW00094173","YELLOWSTONE LAKE, WY US","44.544778","-110.422064","2372.0","2023-12-23","2.68",",,W",,,,,"0.04",",,W",,,,,,,"30",",,W","13",",,W",,,"  330",",,W","  310",",,W",,,"8.9",",,W","23.0",",,W"
"USW00094173","YELLOWSTONE LAKE, WY US","44.544778","-110.422064","2372.0","2023-12-24","2.01",",,W",,,,,"0.00",",,W",,,,,,,"20",",,W","-9",",,W",,,"  270",",,W","  270",",,W",,,"12.1",",,W","16.1",",,W"
"USW00094173","YELLOWSTONE LAKE, WY US","44.544778","-110.422064","2372.0","2023-12-25","1.79",",,W",,,,,"0.00",",,W",,,,,,,"17",",,W","-11",",,W",,,"  290",",,W","  300",",,W",,,"6.9",",,W","8.9",",,W"
"USW00094173","YELLOWSTONE LAKE, WY US","44.544778","-110.422064","2372.0","2023-12-26","0.89",",,W",,,,,"0.00",",,W",,,,,,,"20",",,W","7",",,W",,,"  310",",,W","  300",",,W",,,"6.9",",,W","8.9",",,W"
"USW00094173","YELLOWSTONE LAKE, WY US","44.544778","-110.422064","2372.0","2023-12-27","0.67",",,W",,,,,"0.00",",,W",,,,,,,"22",",,W","-1",",,W",,,"  320",",,W","  110",",,W",,,"4.9",",,W","6.9",",,W"
"USW00094173","YELLOWSTONE LAKE, WY US","44.544778","-110.422064","2372.0","2023-12-28","0.00",",,W",,,,,"0.00",",,W",,,,,,,"29",",,W","0",",,W",,,"  120",",,W","  110",",,W",,,"4.9",",,W","6.0",",,W"
"USW00094173","YELLOWSTONE LAKE, WY US","44.544778","-110.422064","2372.0","2023-12-29","0.00",",,W",,,,,"0.00",",,W",,,,,,,"29",",,W","2",",,W",,,"  290",",,W","  340",",,W",,,"4.9",",,W","6.0",",,W"
"USW00094173","YELLOWSTONE LAKE, WY US","44.544778","-110.422064","2372.0","2023-12-30","0.22",",,W",,,,,"0.00",",,W",,,,,,,"32",",,W","3",",,W",,,"  290",",,W","  120",",,W",,,"2.9",",,W","6.0",",,W"
"USW00094173","YELLOWSTONE LAKE, WY US","44.544778","-110.422064","2372.0","2023-12-31","0.00",",,W",,,,,"0.00",",,W",,,,,,,"30",",,W","6",",,W",,,"  310",",,W","   90",",,W",,,"2.9",",,W","6.0",",,W"
"USC00489025","TOWER FALLS, WY US","44.91653","-110.42033","1912.6","2023-12-01",,,,,,,"0.00",",,7,0800","0.0",",,7,0800","0.0",",,7,0800",,,"34",",,7","10",",,7",,,,,,,,,,,,
"USC00489025","TOWER FALLS, WY US","44.91653","-110.42033","1912.6","2023-12-02",,,,,,,"0.00",",,7,0800","0.0",",,7,0800","0.0",",,7,0800",,,"35",",,7","15",",,7",,,,,,,,,,,,
"USC00489025","TOWER FALLS, WY US","44.91653","-110.42033","1912.6","2023-12-03",,,,,,,"0.10",",,7,0800","1.0",",,7,0800","1.0",",,7,0800",,,"29",",,7","12",",,7",,,,,,,,,,,,
"USC00489025","TOWER FALLS, WY US","44.91653","-110.42033","1912.6","2023-12-04",,,,,,,"0.03",",,7,0800","0.7",",,7,0800","2.0",",,7,0800",,,"31",",,7","16",",,7",,,,,,,,,,,,
"USC00489025","TOWER FALLS, WY US","44.91653","-110.42033","1912.6","2023-12-05",,,,,,,"0.03",",,7,0800","0.3",",,7,0800","1.0",",,7,0800",,,"42",",,7","28",",,7",,,,,,,,,,,,
"USC00489025","TOWER FALLS, WY US","44.91653","-110.42033","1912.6","2023-12-06",,,,,,,"0.00",",,7,0800","0.0",",,7,0800","0.0",",,7,0800",,,"43",",,7","23",",,7",,,,,,,,,,,,
"USC00489025","TOWER FALLS, WY US","44.91653","-110.42033","1912.6","2023-12-07",,,,,,,"0.07",",,7,0800","1.2",",,7,0800","1.0",",,7,0800",,,"46",",,7","23",",,7",,,,,,,,,,,,
"USC00489025","TOWER FALLS, WY US","44.91653","-110.42033","1912.6","2023-12-08",,,,,,,"0.04",",,7,0800","0.9",",,7,0800","2.0",",,7,0800",,,"37",",,7","19",",,7",,,,,,,,,,,,
"USC00489025","TOWER FALLS, WY US","44.91653","-110.42033","1912.6","2023-12-09",,,,,,,"0.00",",,7,0800","0.0",",,7,0800","1.0",",,7,0800",,,"28",",,7","8",",,7",,,,,,,,,,,,
"USC00489025","TOWER FALLS, WY US","44.91653","-110.42033","1912.6","2023-12-11",,,"    2",",,7","0.11",",,7",,,"3.0",",,7,0800","3.0",",,7,0800",,,"27",",,7","8",",,7",,,,,,,,,,,,
"USC00489025","TOWER FALLS, WY US","44.91653","-110.42033","1912.6","2023-12-12",,,,,,,"0.00","T,,7,0800","0.2",",,7,0800","3.0",",,7,0800",,,"35",",,7","11",",,7",,,,,,,,,,,,
"USC00489025","TOWER FALLS, WY US","44.91653","-110.42033","1912.6","2023-12-13",,,,,,,"0.00",",,7,0800","0.0",",,7,0800","3.0",",,7,0800",,,"29",",,7","-4",",,7",,,,,,,,,,,,
"USC00489025","TOWER FALLS, WY US","44.91653","-110.42033","1912.6","2023-12-14",,,,,,,"0.00",",,7,0800","0.0",",,7,0800","3.0",",,7,0800",,,"23",",,7","-5",",,7",,,,,,,,,,,,
"USC00489025","TOWER FALLS, WY US","44.91653","-110.42033","1912.6","2023-12-15",,,,,,,"0.00",",,7,0800","0.0",",,7,0800","2.0",",,7,0800",,,"27",",,7","0",",,7",,,,,,,,,,,,
"USC00489025","TOWER FALLS, WY US","44.91653","-110.42033","1912.6","2023-12-16",,,,,,,"0.00",",,7,0800","0.0",",,7,0800","2.0",",,7,0800",,,"27",",,7","3",",,7",,,,,,,,,,,,
"USC00489025","TOWER FALLS, WY US","44.91653","-110.42033","1912.6","2023-12-17",,,,,,,"0.00",",,7,0800","0.0",",,7,0800","2.0",",,7,0800",,,"32",",,7","4",",,7",,,,,,,,,,,,
"USC00489025","TOWER FALLS, WY US","44.91653","-110.42033","1912.6","2023-12-18",,,,,,,"0.00",",,7,0800","0.0",",,7,0800","2.0",",,7,0800",,,"31",",,7","3",",,7",,,,,,,,,,,,
"USC00489025","TOWER FALLS, WY US","44.91653","-110.42033","1912.6","2023-12-19",,,,,,,"0.00",",,7,0800","0.0",",,7,0800","2.0",",,7,0800",,,"35",",,7","5",",,7",,,,,,,,,,,,
"USC00489025","TOWER FALLS, WY US","44.91653","-110.42033","1912.6","2023-12-20",,,,,,,"0.00",",,7,0800","0.0",",,7,0800","2.0",",,7,0800",,,"46",",,7","20",",,7",,,,,,,,,,,,
"USC00489025","TOWER FALLS, WY US","44.91653","-110.42033","1912.6","2023-12-21",,,,,,,"0.00",",,7,0800","0.0",",,7,0800","2.0",",,7,0800",,,"38",",,7","23",",,7",,,,,,,,,,,,
"USC00489025","TOWER FALLS, WY US","44.91653","-110.42033","1912.6","2023-12-22",,,,,,,"0.00",",,7,0800","0.0",",,7,0800","1.0",",,7,0800",,,"47",",,7","24",",,7",,,,,,,,,,,,
"USC00489025","TOWER FALLS, WY US","44.91653","-110.42033","1912.6","2023-12-23",,,,,,,"0.01",",,7,0800","0.5",",,7,0800","1.0",",,7,0800",,,"44",",,7","24",",,7",,,,,,,,,,,,
"USC00489025","TOWER FALLS, WY US","44.91653","-110.42033","1912.6","2023-12-24",,,,,,,"0.05",",,7,0800","0.6",",,7,0800","1.0",",,7,0800",,,"32",",,7","7",",,7",,,,,,,,,,,,
"USC00489025","TOWER FALLS, WY US","44.91653","-110.42033","1912.6","2023-12-25",,,,,,,"0.00",",,7,0800","0.0",",,7,0800","1.0",",,7,0800",,,"24",",,7","-8",",,7",,,,,,,,,,,,
"USC00489025","TOWER FALLS, WY US","44.91653","-110.42033","1912.6","2023-12-26",,,,,,,"0.00",",,7,0800","0.0",",,7,0800","1.0",",,7,0800",,,"17",",,7","-8",",,7",,,,,,,,,,,,
"USC00489025","TOWER FALLS, WY US","44.91653","-110.42033","1912.6","2023-12-27",,,,,,,"0.00",",,7,0800","0.0",",,7,0800","1.0",",,7,0800",,,"22",",,7","-25",",S,7",,,,,,,,,,,,
"USC00489025","TOWER FALLS, WY US","44.91653","-110.42033","1912.6","2023-12-28",,,,,,,"0.00",",,7,0800","0.0",",,7,0800","1.0",",,7,0800",,,"25",",,7","3",",,7",,,,,,,,,,,,
"USC00489025","TOWER FALLS, WY US","44.91653","-110.42033","1912.6","2023-12-29",,,,,,,"0.00",",,7,0800","0.0",",,7,0800","1.0",",,7,0800",,,"35",",,7","6",",,7",,,,,,,,,,,,
"USC00489025","TOWER FALLS, WY US","44.91653","-110.42033","1912.6","2023-12-30",,,,,,,"0.00",",,7,0800","0.0",",,7,0800","1.0",",,7,0800",,,"31",",,7","7",",,7",,,,,,,,,,,,
"USC00489025","TOWER FALLS, WY US","44.91653","-110.42033","1912.6","2023-12-31",,,,,,,"0.00",",,7,0800","0.0",",,7,0800","1.0",",,7,0800",,,"32",",,7","8",",,7",,,,,,,,,,,,
"USC00489905","YELLOWSTONE PARK MAMMOTH, WY US","44.97668","-110.6964","1890.7","2023-12-01",,,,,,,"0.00",",,7,0800","0.0",",,7,0800","0.0",",,7,0800",,,"34",",,7","14",",,7",,,,,,,,,,,,
"USC00489905","YELLOWSTONE PARK MAMMOTH, WY US","44.97668","-110.6964","1890.7","2023-12-02",,,,,,,"0.00","T,,7,0800","0.0","T,,7,0800","0.0","T,,7,0800",,,"33",",,7","18",",,7",,,,,,,,,,,,
"USC00489905","YELLOWSTONE PARK MAMMOTH, WY US","44.97668","-110.6964","1890.7","2023-12-03",,,,,,,"0.25",",,7,0800","0.8",",,7,0800","1.0",",,7,0800",,,"29",",,7","17",",,7",,,,,,,,,,,,
"USC00489905","YELLOWSTONE PARK MAMMOTH, WY US","44.97668","-110.6964","1890.7","2023-12-04",,,,,,,"0.04",",,7,0800","1.1",",,7,0800","1.0",",,7,0800",,,"36",",,7","17",",,7",,,,,,,,,,,,
"USC00489905","YELLOWSTONE PARK MAMMOTH, WY US","44.97668","-110.6964","1890.7","2023-12-05",,,,,,,"0.00",",,7,0800","0.0",",,7,0800","0.0",",,7,0800",,,"45",",,7","33",",,7",,,,,,,,,,,,
"USC00489905","YELLOWSTONE PARK MAMMOTH, WY US","44.97668","-110.6964","1890.7","2023-12-06",,,,,,,"0.00",",,7,0800","0.0",",,7,0800","0.0",",,7,0800",,,"44",",,7","34",",,7",,,,,,,,,,,,
"USC00489905","YELLOWSTONE PARK MAMMOTH, WY US","44.97668","-110.6964","1890.7","2023-12-07",,,,,,,"0.00","T,,7,0800","0.0","T,,7,0800","0.0","T,,7,0800",,,"49",",,7","31",",,7",,,,,,,,,,,,
"USC00489905","YELLOWSTONE PARK MAMMOTH, WY US","44.97668","-110.6964","1890.7","2023-12-08",,,,,,,"0.00","T,,7,0800","0.0","T,,7,0800","0.0","T,,7,0800",,,"39",",,7","22",",,7",,,,,,,,,,,,
"USC00489905","YELLOWSTONE PARK MAMMOTH, WY US","44.97668","-110.6964","1890.7","2023-12-09",,,,,,,"0.00","T,,7,0800","0.1",",,7,0800","0.0","T,,7,0800",,,"30",",,7","12",",,7",,,,,,,,,,,,
"USC00489905","YELLOWSTONE PARK MAMMOTH, WY US","44.97668","-110.6964","1890.7","2023-12-10",,,,,,,"0.00","T,,7,0800","0.0","T,,7,0800","0.0","T,,7,0800",,,"27",",,7","11",",,7",,,,,,,,,,,,
"USC00489905","YELLOWSTONE PARK MAMMOTH, WY US","44.97668","-110.6964","1890.7","2023-12-11",,,,,,,"0.00","T,,7,0800","0.0","T,,7,0800","0.0","T,,7,0800",,,"28",",,7","20",",,7",,,,,,,,,,,,
"USC00489905","YELLOWSTONE PARK MAMMOTH, WY US","44.97668","-110.6964","1890.7","2023-12-12",,,,,,,"0.00",",,7,0800","0.0",",,7,0800","0.0","T,,7,0800",,,"38",",,7","15",",,7",,,,,,,,,,,,
"USC00489905","YELLOWSTONE PARK MAMMOTH, WY US","44.97668","-110.6964","1890.7","2023-12-13",,,,,,,"0.00",",,7,0800","0.0",",,7,0800","0.0","T,,7,0800",,,"33",",,7","7",",,7",,,,,,,,,,,,
"USC00489905","YELLOWSTONE PARK MAMMOTH, WY US","44.97668","-110.6964","1890.7","2023-12-14",,,,,,,"0.00",",,7,0800","0.0",",,7,0800","0.0",",,7,0800",,,"35",",,7","8",",,7",,,,,,,,,,,,
"USC00489905","YELLOWSTONE PARK MAMMOTH, WY US","44.97668","-110.6964","1890.7","2023-12-15",,,,,,,"0.00",",,7,0800","0.0",",,7,0800","0.0",",,7,0800",,,"41",",,7","13",",,7",,,,,,,,,,,,
"USC00489905","YELLOWSTONE PARK MAMMOTH, WY US","44.97668","-110.6964","1890.7","2023-12-16",,,,,,,"0.00",",,7,0800","0.0",",,7,0800","0.0",",,7,0800",,,"37",",,7","16",",,7",,,,,,,,,,,,
"USC00489905","YELLOWSTONE PARK MAMMOTH, WY US","44.97668","-110.6964","1890.7","2023-12-17",,,,,,,"0.00",",,7,0800","0.0",",,7,0800","0.0",",,7,0800",,,"42",",,7","18",",,7",,,,,,,,,,,,
"USC00489905","YELLOWSTONE PARK MAMMOTH, WY US","44.97668","-110.6964","1890.7","2023-12-18",,,,,,,"0.00",",,7,0800","0.0",",,7,0800","0.0",",,7,0800",,,"43",",,7","16",",,7",,,,,,,,,,,,
"USC00489905","YELLOWSTONE PARK MAMMOTH, WY US","44.97668","-110.6964","1890.7","2023-12-19",,,,,,,"0.00",",,7,0800","0.0",",,7,0800","0.0",",,7,0800",,,"43",",,7","19",",,7",,,,,,,,,,,,
"USC00489905","YELLOWSTONE PARK MAMMOTH, WY US","44.97668","-110.6964","1890.7","2023-12-20",,,,,,,"0.00",",,7,0800","0.0",",,7,0800","0.0",",,7,0800",,,"49",",,7","28",",,7",,,,,,,,,,,,
"USC00489905","YELLOWSTONE PARK MAMMOTH, WY US","44.97668","-110.6964","1890.7","2023-12-21",,,,,,,"0.00",",,7,0800","0.0",",,7,0800","0.0",",,7,0800",,,"46",",,7","29",",,7",,,,,,,,,,,,
"USC00489905","YELLOWSTONE PARK MAMMOTH, WY US","44.97668","-110.6964","1890.7","2023-12-22",,,,,,,"0.00","T,,7,0800","0.0","T,,7,0800","0.0",",,7,0800",,,"49",",,7","29",",,7",,,,,,,,,,,,
"USC00489905","YELLOWSTONE PARK MAMMOTH, WY US","44.97668","-110.6964","1890.7","2023-12-23",,,,,,,"0.15",",,7,0800","0.8",",,7,0800","0.0","T,,7,0800",,,"46",",,7","27",",,7",,,,,,,,,,,,
"USC00489905","YELLOWSTONE PARK MAMMOTH, WY US","44.97668","-110.6964","1890.7","2023-12-24",,,,,,,"0.03",",,7,0800","0.2",",,7,0800","1.0",",,7,0800",,,"28",",,7","11",",,7",,,,,,,,,,,,
"USC00489905","YELLOWSTONE PARK MAMMOTH, WY US","44.97668","-110.6964","1890.7","2023-12-25",,,,,,,"0.00",",,7,0800","0.0",",,7,0800","0.0",",,7,0800",,,"29",",,7","-2",",,7",,,,,,,,,,,,
"USC00489905","YELLOWSTONE PARK MAMMOTH, WY US","44.97668","-110.6964","1890.7","2023-12-26",,,,,,,"0.00",",,7,0800","0.0",",,7,0800","0.0",",,7,0800",,,"26",",,7","-1",",,7",,,,,,,,,,,,
"USC00489905","YELLOWSTONE PARK MAMMOTH, WY US","44.97668","-110.6964","1890.7","2023-12-27",,,,,,,"0.00","T,,7,0800","0.0","T,,7,0800","0.0","T,,7,0800",,,"28",",,7","2",",,7",,,,,,,,,,,,
"USC00489905","YELLOWSTONE PARK MAMMOTH, WY US","44.97668","-110.6964","1890.7","2023-12-28",,,,,,,"0.00",",,7,0800","0.0",",,7,0800","0.0","T,,7,0800",,,"34",",,7","11",",,7",,,,,,,,,,,,
"USC00489905","YELLOWSTONE PARK MAMMOTH, WY US","44.97668","-110.6964","1890.7","2023-12-29",,,,,,,"0.00",",,7,0800","0.0",",,7,0800","0.0","T,,7,0800",,,"41",",,7","16",",,7",,,,,,,,,,,,
"USC00489905","YELLOWSTONE PARK MAMMOTH, WY US","44.97668","-110.6964","1890.7","2023-12-30",,,,,,,"0.00",",,7,0800","0.0",",,7,0800","0.0","T,,7,0800",,,"43",",,7","17",",,7",,,,,,,,,,,,
"USC00489905","YELLOWSTONE PARK MAMMOTH, WY US","44.97668","-110.6964","1890.7","2023-12-31",,,,,,,"0.00",",,7,0800","0.0",",,7,0800","0.0","T,,7,0800",,,"44",",,7","19",",,7",,,,,,,,,,,,
"USC00486845","OLD FAITHFUL, WY US","44.45684","-110.83269","2240.6","2023-12-01",,,,,,,"0.01",",,7,0800","1.0",",,7,0800","1.0",",,7,0800",,,"29",",,7","7",",,7",,,,,,,,,,,,
"USC00486845","OLD FAITHFUL, WY US","44.45684","-110.83269","2240.6","2023-12-03",,,"    2",",,7","0.60",",,7",,,"8.0",",,7,0800","8.0",",,7,0800",,,"24",",,7","-5",",,7",,,,,,,,,,,,
"USC00486845","OLD FAITHFUL, WY US","44.45684","-110.83269","2240.6","2023-12-04",,,,,,,"0.09",",,7,0800","2.0",",,7,0800","7.0",",,7,0800",,,"29",",,7","4",",,7",,,,,,,,,,,,
"USC00486845","OLD FAITHFUL, WY US","44.45684","-110.83269","2240.6","2023-12-05",,,,,,,"0.00",",,7,0800","0.0",",,7,0800","6.0",",,7,0800",,,"36",",,7","27",",,7",,,,,,,,,,,,
"USC00486845","OLD FAITHFUL, WY US","44.45684","-110.83269","2240.6","2023-12-06",,,,,,,"0.00",",,7,0800","0.0",",,7,0800","3.0",",,7,0800",,,"38",",,7","18",",,7",,,,,,,,,,,,
"USC00486845","OLD FAITHFUL, WY US","44.45684","-110.83269","2240.6","2023-12-07",,,,,,,"0.14",",,7,0800","4.0",",,7,0800","7.0",",,7,0800",,,"44",",,7","14",",,7",,,,,,,,,,,,
"USC00486845","OLD FAITHFUL, WY US","44.45684","-110.83269","2240.6","2023-12-08",,,,,,,"0.64",",,7,0800","11.0",",,7,0800","12.0",",,7,0800",,,"29",",,7","12",",,7",,,,,,,,,,,,
"USC00486845","OLD FAITHFUL, WY US","44.45684","-110.83269","2240.6","2023-12-09",,,,,,,"0.14",",,7,0800","4.0",",,7,0800","12.0",",,7,0800",,,"23",",,7","-16",",,7",,,,,,,,,,,,
"USC00486845","OLD FAITHFUL, WY US","44.45684","-110.83269","2240.6","2023-12-10",,,,,,,"0.04",",,7,0800","1.0",",,7,0800","12.0",",,7,0800",,,"17",",,7","-3",",,7",,,,,,,,,,,,
"USC00486845","OLD FAITHFUL, WY US","44.45684","-110.83269","2240.6","2023-12-11",,,,,,,"0.01",",,7,0800","0.2",",,7,0800","11.0",",,7,0800",,,"21",",,7","14",",,7",,,,,,,,,,,,
"USC00486845","OLD FAITHFUL, WY US","44.45684","-110.83269","2240.6","2023-12-12",,,,,,,"0.00",",,7,0800","0.0",",,7,0800","10.0",",,7,0800",,,"33",",,7","3",",,7",,,,,,,,,,,,
"USC00486845","OLD FAITHFUL, WY US","44.45684","-110.83269","2240.6","2023-12-13",,,,,,,"0.00",",,7,0800","0.0",",,7,0800","10.0",",,7,0800",,,,,,,,,,,,,,,,,,
"USC00486845","OLD FAITHFUL, WY US","44.45684","-110.83269","2240.6","2023-12-14",,,,,,,"0.00",",,7,0800","0.0",",,7,0800","9.0",",,7,0800",,,"32",",,7","-13",",,7",,,,,,,,,,,,
"USC00486845","OLD FAITHFUL, WY US","44.45684","-110.83269","2240.6","2023-12-15",,,,,,,"0.00",",,7,0800","0.0",",,7,0800","9.0",",,7,0800",,,"38",",,7","-6",",,7",,,,,,,,,,,,
"USC00486845","OLD FAITHFUL, WY US","44.45684","-110.83269","2240.6","2023-12-16",,,,,,,"0.00",",,7,0800","0.0",",,7,0800","9.0",",,7,0800",,,"36",",,7","-5",",,7",,,,,,,,,,,,
"USC00486845","OLD FAITHFUL, WY US","44.45684","-110.83269","2240.6","2023-12-17",,,,,,,"0.00",",,7,0800","0.0",",,7,0800","9.0",",,7,0800",,,"37",",,7","-2",",,7",,,,,,,,,,,,
"USC00486845","OLD FAITHFUL, WY US","44.45684","-110.83269","2240.6","2023-12-18",,,,,,,"0.00",",,7,0800","0.0",",,7,0800","9.0",",,7,0800",,,"41",",,7","-9",",,7",,,,,,,,,,,,
"USC00486845","OLD FAITHFUL, WY US","44.45684","-110.83269","2240.6","2023-12-19",,,,,,,"0.00",",,7,0800","0.0",",,7,0800","9.0",",,7,0800",,,"44",",,7","-2",",,7",,,,,,,,,,,,
"USC00486845","OLD FAITHFUL, WY US","44.45684","-110.83269","2240.6","2023-12-20",,,,,,,"0.00",",,7,0800","0.0",",,7,0800","9.0",",,7,0800",,,"44",",,7","13",",,7",,,,,,,,,,,,
"USC00486845","OLD FAITHFUL, WY US","44.45684","-110.83269","2240.6","2023-12-21",,,,,,,"0.00",",,7,0800","0.0",",,7,0800","8.0",",,7,0800",,,"44",",,7","12",",,7",,,,,,,,,,,,
"USC00486845","OLD FAITHFUL, WY US","44.45684","-110.83269","2240.6","2023-12-22",,,,,,,,,,,"8.0",",,7,0800",,,,,,,,,,,,,,,,,,
"USC00486845","OLD FAITHFUL, WY US","44.45684","-110.83269","2240.6","2023-12-23",,,"    2",",,7","0.10",",,7",,,"2.0",",,7,0800","9.0",",,7,0800",,,"41",",,7","19",",,7",,,,,,,,,,,,
"USC00486845","OLD FAITHFUL, WY US","44.45684","-110.83269","2240.6","2023-12-24",,,,,,,"0.10",",,7,0800","0.5",",,7,0800","9.0",",,7,0800",,,"23",",,7","-16",",,7",,,,,,,,,,,,
"USC00486845","OLD FAITHFUL, WY US","44.45684","-110.83269","2240.6","2023-12-25",,,,,,,"0.00",",,7,0800","0.0",",,7,0800","9.0",",,7,0800",,,"21",",,7","-32",",,7",,,,,,,,,,,,
"USC00486845","OLD FAITHFUL, WY US","44.45684","-110.83269","2240.6","2023-12-26",,,,,,,"0.00",",,7,0800","0.0",",,7,0800","9.0",",,7,0800",,,"23",",,7","-26",",,7",,,,,,,,,,,,
"USC00486845","OLD FAITHFUL, WY US","44.45684","-110.83269","2240.6","2023-12-27",,,,,,,"0.00",",,7,0800","0.0",",,7,0800","8.0",",,7,0800",,,"27",",,7","-11",",,7",,,,,,,,,,,,
"USC00486845","OLD FAITHFUL, WY US","44.45684","-110.83269","2240.6","2023-12-28",,,,,,,"0.00",",,7,0800","0.0",",,7,0800","8.0",",,7,0800",,,"31",",,7","-9",",,7",,,,,,,,,,,,
"USC00486845","OLD FAITHFUL, WY US","44.45684","-110.83269","2240.6","2023-12-29",,,,,,,"0.00",",,7,0800","0.0",",,7,0800","8.0",",,7,0800",,,,,,,,,,,,,,,,,,
"USC00486845","OLD FAITHFUL, WY US","44.45684","-110.83269","2240.6","2023-12-30",,,,,,,"0.00",",,7,0800","0.0",",,7,0800","8.0",",,7,0800",,,"40",",,7","-6",",,7",,,,,,,,,,,,
"USC00486845","OLD FAITHFUL, WY US","44.45684","-110.83269","2240.6","2023-12-31",,,,,,,"0.00",",,7,0800","0.0",",,7,0800","8.0",",,7,0800",,,"43",",,7","-6",",,7",,,,,,,,,,,,
"USS0009E07S","PARKER PEAK, WY US","44.73","-109.91","2865.1","2023-12-01",,,,,,,"0.20",",,T",,,"24.0",",,T","16",",,T","31",",,T","10",",,T","12",",,T",,,,,"5.5",",,T",,,,
"USS0009E07S","PARKER PEAK, WY US","44.73","-109.91","2865.1","2023-12-02",,,,,,,"0.30",",,T",,,"28.0",",,T","15",",,T","20",",,T","8",",,T","12",",,T",,,,,"5.8",",,T",,,,
"USS0009E07S","PARKER PEAK, WY US","44.73","-109.91","2865.1","2023-12-03",,,,,,,"0.40",",,T",,,"28.0",",,T","17",",,T","26",",,T","8",",,T","26",",,T",,,,,"6.1",",,T",,,,
"USS0009E07S","PARKER PEAK, WY US","44.73","-109.91","2865.1","2023-12-04",,,,,,,"0.20",",,T",,,"29.0",",,T","27",",,T","32",",,T","25",",,T","28",",,T",,,,,"6.4",",,T",,,,
"USS0009E07S","PARKER PEAK, WY US","44.73","-109.91","2865.1","2023-12-05",,,,,,,"0.00",",,T",,,"27.0",",,T","31",",,T","35",",,T","28",",,T","30",",,T",,,,,"6.4",",,T",,,,
"USS0009E07S","PARKER PEAK, WY US","44.73","-109.91","2865.1","2023-12-06",,,,,,,"0.00",",,T",,,"27.0",",,T","32",",,T","53",",,T","27",",,T","28",",,T",,,,,"6.4",",,T",,,,
"USS0009E07S","PARKER PEAK, WY US","44.73","-109.91","2865.1","2023-12-07",,,,,,,"0.40",",,T",,,"29.0",",,T","23",",,T","29",",,T","16",",,T","17",",,T",,,,,"6.7",",,T",,,,
"USS0009E07S","PARKER PEAK, WY US","44.73","-109.91","2865.1","2023-12-08",,,,,,,"0.00",",,T",,,"31.0",",,T","15",",,T","27",",,T","6",",,T","10",",,T",,,,,"6.7",",,T",,,,
"USS0009E07S","PARKER PEAK, WY US","44.73","-109.91","2865.1","2023-12-09",,,,,,,"0.00",",,T",,,"30.0",",,T","10",",,T","30",",,T","2",",,T","9",",,T",,,,,"6.7",",,T",,,,
"USS0009E07S","PARKER PEAK, WY US","44.73","-109.91","2865.1","2023-12-10",,,,,,,"0.50",",,T",,,"35.0",",,T","16",",,T","26",",,T","9",",,T","17",",,T",,,,,"7.2",",,T",,,,
"USS0009E07S","PARKER PEAK, WY US","44.73","-109.91","2865.1","2023-12-11",,,,,,,"0.00",",,T",,,"33.0",",,T","23",",,T","47",",,T","17",",,T","20",",,T",,,,,"7.2",",,T",,,,
"USS0009E07S","PARKER PEAK, WY US","44.73","-109.91","2865.1","2023-12-12",,,,,,,"0.00",",,T",,,"31.0",",,T","24",",,T","46",",,T","16",",,T","21",",,T",,,,,"7.2",",,T",,,,
"USS0009E07S","PARKER PEAK, WY US","44.73","-109.91","2865.1","2023-12-13",,,,,,,"0.00",",,T",,,"31.0",",,T","30",",,T","50",",,T","18",",,T","27",",,T",,,,,"7.2",",,T",,,,
"USS0009E07S","PARKER PEAK, WY US","44.73","-109.91","2865.1","2023-12-14",,,,,,,"0.00",",,T",,,"30.0",",,T","26",",,T","46",",,T","17",",,T","17",",,T",,,,,"7.2",",,T",,,,
"USS0009E07S","PARKER PEAK, WY US","44.73","-109.91","2865.1","2023-12-15",,,,,,,"0.00",",,T",,,"30.0",",,T","23",",,T","49",",,T","13",",,T","20",",,T",,,,,"7.2",",,T",,,,
"USS0009E07S","PARKER PEAK, WY US","44.73","-109.91","2865.1","2023-12-16",,,,,,,"0.00",",,T",,,"30.0",",,T","24",",,T","47",",,T","17",",,T","18",",,T",,,,,"7.2",",,T",,,,
"USS0009E07S","PARKER PEAK, WY US","44.73","-109.91","2865.1","2023-12-17",,,,,,,"0.00",",,T",,,"30.0",",,T","23",",,T","43",",,T","14",",,T","21",",,T",,,,,"7.2",",,T",,,,
"USS0009E07S","PARKER PEAK, WY US","44.73","-109.91","2865.1","2023-12-18",,,,,,,"0.20",",,T",,,"30.0",",,T","30",",,T","52",",,T","21",",,T","28",",,T",,,,,"7.4",",,T",,,,
"USS0009E07S","PARKER PEAK, WY US","44.73","-109.91","2865.1","2023-12-19",,,,,,,"0.00",",,T",,,"29.0",",,T","30",",,T","49",",,T","25",",,T","28",",,T",,,,,"7.4",",,T",,,,
"USS0009E07S","PARKER PEAK, WY US","44.73","-109.91","2865.1","2023-12-20",,,,,,,"0.10",",,T",,,"29.0",",,T","31",",,T","44",",,T","28",",,T","29",",,T",,,,,"7.4",",,T",,,,
"USS0009E07S","PARKER PEAK, WY US","44.73","-109.91","2865.1","2023-12-21",,,,,,,"0.00",",,T",,,"29.0",",,T","30",",,T","39",",,T","28",",,T","29",",,T",,,,,"7.5",",,T",,,,
"USS0009E07S","PARKER PEAK, WY US","44.73","-109.91","2865.1","2023-12-22",,,,,,,"0.00",",,T",,,"28.0",",I,T","29",",,T","43",",,T","27",",,T","27",",,T",,,,,"7.5",",,T",,,,
"USS0009E07S","PARKER PEAK, WY US","44.73","-109.91","2865.1","2023-12-23",,,,,,,"0.00",",I,T",,,"32.0",",I,T","19",",,T","29",",,T","2",",,T","5",",,T",,,,,"7.4",",,T",,,,
"USS0009E07S","PARKER PEAK, WY US","44.73","-109.91","2865.1","2023-12-24",,,,,,,"0.00",",,T",,,"31.0",",,T","7",",,T","31",",,T","-3",",,T","-3",",,T",,,,,"7.4",",,T",,,,
"USS0009E07S","PARKER PEAK, WY US","44.73","-109.91","2865.1","2023-12-25",,,,,,,"0.00",",,T",,,"31.0",",,T","12",",,T","39",",,T","-5",",,T","16",",,T",,,,,"7.4",",,T",,,,
"USS0009E07S","PARKER PEAK, WY US","44.73","-109.91","2865.1","2023-12-26",,,,,,,"0.00",",,T",,,"31.0",",,T","20",",,T","47",",,T","12",",,T","16",",,T",,,,,"7.4",",,T",,,,
"USS0009E07S","PARKER PEAK, WY US","44.73","-109.91","2865.1","2023-12-27",,,,,,,"0.00",",,T",,,"31.0",",,T","22",",,T","48",",,T","9",",,T","23",",,T",,,,,"7.4",",,T",,,,
"USS0009E07S","PARKER PEAK, WY US","44.73","-109.91","2865.1","2023-12-28",,,,,,,"0.00",",,T",,,"30.0",",,T","27",",,T","48",",,T","21",",,T","24",",,T",,,,,"7.5",",,T",,,,
"USS0009E07S","PARKER PEAK, WY US","44.73","-109.91","2865.1","2023-12-29",,,,,,,"0.00",",,T",,,"30.0",",,T","27",",,T","41",",,T","22",",,T","25",",,T",,,,,"7.6",",,T",,,,
"USS0009E07S","PARKER PEAK, WY US","44.73","-109.91","2865.1","2023-12-30",,,,,,,"0.00",",,T",,,"30.0",",,T","31",",,T","53",",,T","24",",,T","28",",,T",,,,,"7.6",",,T",,,,
"USS0009E07S","PARKER PEAK, WY US","44.73","-109.91","2865.1","2023-12-31",,,,,,,"0.00",",,T",,,"29.0",",,T","29",",,T","48",",,T","21",",,T","22",",,T",,,,,"7.6",",,T",,,,
"USC00489902","YELLOWSTONE NATIONAL PARK EAST ENT, WY US","44.48874","-110.0038","2119.6","2023-12-14",,,,,,,"0.00",",,7,0800","0.0",",,7,0800","7.0",",,7,0800",,,"28",",,7","-7",",,7",,,,,,,,,,,,
"USC00489902","YELLOWSTONE NATIONAL PARK EAST ENT, WY US","44.48874","-110.0038","2119.6","2023-12-15",,,,,,,"0.00",",,7,0800","0.0",",,7,0800","7.0",",,7,0800",,,"38",",,7","4",",,7",,,,,,,,,,,,
"USC00489902","YELLOWSTONE NATIONAL PARK EAST ENT, WY US","44.48874","-110.0038","2119.6","2023-12-16",,,,,,,"0.00",",,7,0800","0.0",",,7,0800","7.0",",,7,0800",,,"33",",,7","4",",,7",,,,,,,,,,,,
"USC00489902","YELLOWSTONE NATIONAL PARK EAST ENT, WY US","44.48874","-110.0038","2119.6","2023-12-17",,,,,,,"0.00",",,7,0800","0.0",",,7,0800","7.0",",,7,0800",,,"40",",,7","9",",,7",,,,,,,,,,,,
"USC00489902","YELLOWSTONE NATIONAL PARK EAST ENT, WY US","44.48874","-110.0038","2119.6","2023-12-18",,,,,,,"0.00",",,7,0800","0.0",",,7,0800","7.0",",,7,0800",,,"40",",,7","4",",,7",,,,,,,,,,,,
"USC00489902","YELLOWSTONE NATIONAL PARK EAST ENT, WY US","44.48874","-110.0038","2119.6","2023-12-19",,,,,,,"0.00",",,7,0800","0.0",",,7,0800","6.0",",,7,0800",,,"44",",,7","10",",,7",,,,,,,,,,,,
"USC00489902","YELLOWSTONE NATIONAL PARK EAST ENT, WY US","44.48874","-110.0038","2119.6","2023-12-20",,,,,,,"0.00",",,7,0800","0.0",",,7,0800","6.0",",,7,0800",,,"43",",,7","16",",,7",,,,,,,,,,,,
"USC00489902","YELLOWSTONE NATIONAL PARK EAST ENT, WY US","44.48874","-110.0038","2119.6","2023-12-21",,,,,,,"0.00",",,7,0800","0.0",",,7,0800","6.0",",,7,0800",,,"43",",,7","22",",,7",,,,,,,,,,,,
"USC00489902","YELLOWSTONE NATIONAL PARK EAST ENT, WY US","44.48874","-110.0038","2119.6","2023-12-22",,,,,,,"0.00",",,7,0800","0.0",",,7,0800","6.0",",,7,0800",,,"40",",,7","27",",,7",,,,,,,,,,,,
"USC00489902","YELLOWSTONE NATIONAL PARK EAST ENT, WY US","44.48874","-110.0038","2119.6","2023-12-23",,,,,,,,,"0.9",",,7,0800","7.0",",,7,0800",,,"40",",,7","24",",,7",,,,,,,,,,,,
"USC00489902","YELLOWSTONE NATIONAL PARK EAST ENT, WY US","44.48874","-110.0038","2119.6","2023-12-24",,,,,,,"0.02",",,7,0800","0.5",",,7,0800","7.0",",,7,0800",,,"30",",,7","6",",,7",,,,,,,,,,,,
"USC00489902","YELLOWSTONE NATIONAL PARK EAST ENT, WY US","44.48874","-110.0038","2119.6","2023-12-25",,,,,,,"0.00",",,7,0800","0.0",",,7,0800","7.0",",,7,0800",,,"23",",,7","-7",",,7",,,,,,,,,,,,
"USC00489902","YELLOWSTONE NATIONAL PARK EAST ENT, WY US","44.48874","-110.0038","2119.6","2023-12-26",,,,,,,"0.00",",,7,0800","0.0",",,7,0800","6.0",",,7,0800",,,"24",",,7","-5",",,7",,,,,,,,,,,,
"USC00489902","YELLOWSTONE NATIONAL PARK EAST ENT, WY US","44.48874","-110.0038","2119.6","2023-12-27",,,,,,,"0.00",",,7,0800","0.0",",,7,0800","6.0",",,7,0800",,,"33",",,7","-5",",,7",,,,,,,,,,,,
"USC00489902","YELLOWSTONE NATIONAL PARK EAST ENT, WY US","44.48874","-110.0038","2119.6","2023-12-28",,,,,,,"0.00",",,7,0800","0.0",",,7,0800","6.0",",,7,0800",,,"33",",,7","1",",,7",,,,,,,,,,,,
"USC00489902","YELLOWSTONE NATIONAL PARK EAST ENT, WY US","44.48874","-110.0038","2119.6","2023-12-29",,,,,,,"0.00",",,7,0800","0.0",",,7,0800","6.0",",,7,0800",,,"43",",,7","6",",,7",,,,,,,,,,,,
"USC00489902","YELLOWSTONE NATIONAL PARK EAST ENT, WY US","44.48874","-110.0038","2119.6","2023-12-30",,,,,,,"0.00",",,7,0800","0.0",",,7,0800","6.0",",,7,0800",,,"42",",,7","6",",,7",,,,,,,,,,,,
"USC00489902","YELLOWSTONE NATIONAL PARK EAST ENT, WY US","44.48874","-110.0038","2119.6","2023-12-31",,,,,,,"0.00",",,7,0800","0.0",",,7,0800","6.0",",,7,0800",,,"36",",,7","9",",,7",,,,,,,,,,,,
"USC00485345","LAKE YELLOWSTONE, WY US","44.56211","-110.3986","2405.5","2023-12-01",,,,,,,"0.01",",,7,0800","0.4",",,7,0800","5.0",",,7,0800",,,"29",",,7","13",",,7",,,,,,,,,,,,
"USC00485345","LAKE YELLOWSTONE, WY US","44.56211","-110.3986","2405.5","2023-12-02",,,,,,,"0.03",",,7,0800","0.3",",,7,0800","5.0",",,7,0800",,,"24",",,7","11",",,7",,,,,,,,,,,,
"USC00485345","LAKE YELLOWSTONE, WY US","44.56211","-110.3986","2405.5","2023-12-03",,,,,,,,,,,,,,,"22",",,7","8",",,7",,,,,,,,,,,,
"USC00485345","LAKE YELLOWSTONE, WY US","44.56211","-110.3986","2405.5","2023-12-04",,,"    2",",,7","0.20",",,7",,,"2.0",",,7,0800","6.0",",,7,0800",,,"28",",,7","4",",,7",,,,,,,,,,,,
"USC00485345","LAKE YELLOWSTONE, WY US","44.56211","-110.3986","2405.5","2023-12-05",,,,,,,"0.00",",,7,0800","0.0",",,7,0800","6.0",",,7,0800",,,"34",",,7","26",",,7",,,,,,,,,,,,
"USC00485345","LAKE YELLOWSTONE, WY US","44.56211","-110.3986","2405.5","2023-12-06",,,,,,,"0.00",",,7,0800","0.0",",,7,0800","5.0",",,7,0800",,,"35",",,7","25",",,7",,,,,,,,,,,,
"USC00485345","LAKE YELLOWSTONE, WY US","44.56211","-110.3986","2405.5","2023-12-07",,,,,,,"0.09",",,7,0800","1.0",",,7,0800","6.0",",,7,0800",,,"42",",,7","25",",,7",,,,,,,,,,,,
"USC00485345","LAKE YELLOWSTONE, WY US","44.56211","-110.3986","2405.5","2023-12-08",,,,,,,"0.33",",,7,0800","7.1",",,7,0800","13.0",",,7,0800",,,"31",",,7","16",",,7",,,,,,,,,,,,
"USC00485345","LAKE YELLOWSTONE, WY US","44.56211","-110.3986","2405.5","2023-12-09",,,,,,,"0.04",",,7,0800","0.7",",,7,0800","11.0",",,7,0800",,,"22",",,7","3",",,7",,,,,,,,,,,,
"USC00485345","LAKE YELLOWSTONE, WY US","44.56211","-110.3986","2405.5","2023-12-10",,,,,,,"0.05",",,7,0800","1.5",",,7,0800","13.0",",,7,0800",,,"18",",,7","2",",,7",,,,,,,,,,,,
"USC00485345","LAKE YELLOWSTONE, WY US","44.56211","-110.3986","2405.5","2023-12-11",,,,,,,"0.09",",,7,0800","1.8",",,7,0800","15.0",",,7,0800",,,"20",",,7","14",",,7",,,,,,,,,,,,
"USC00485345","LAKE YELLOWSTONE, WY US","44.56211","-110.3986","2405.5","2023-12-12",,,,,,,"0.00",",,7,0800","0.0",",,7,0800","13.0",",,7,0800",,,"30",",,7","10",",,7",,,,,,,,,,,,
"USC00485345","LAKE YELLOWSTONE, WY US","44.56211","-110.3986","2405.5","2023-12-13",,,,,,,"0.00",",,7,0800","0.0",",,7,0800","12.0",",,7,0800",,,"32",",,7","2",",,7",,,,,,,,,,,,
"USC00485345","LAKE YELLOWSTONE, WY US","44.56211","-110.3986","2405.5","2023-12-14",,,,,,,"0.00",",,7,0800","0.0",",,7,0800","11.0",",,7,0800",,,"28",",,7","3",",,7",,,,,,,,,,,,
"USC00485345","LAKE YELLOWSTONE, WY US","44.56211","-110.3986","2405.5","2023-12-15",,,,,,,"0.00",",,7,0800","0.0",",,7,0800","11.0",",,7,0800",,,"30",",,7","13",",,7",,,,,,,,,,,,
"USC00485345","LAKE YELLOWSTONE, WY US","44.56211","-110.3986","2405.5","2023-12-16",,,,,,,"0.00",",,7,0800","0.0",",,7,0800","11.0",",,7,0800",,,"28",",,7","12",",,7",,,,,,,,,,,,
"USC00485345","LAKE YELLOWSTONE, WY US","44.56211","-110.3986","2405.5","2023-12-17",,,,,,,"0.00",",,7,0800","0.0",",,7,0800","11.0",",,7,0800",,,"32",",,7","11",",,7",,,,,,,,,,,,
"USC00485345","LAKE YELLOWSTONE, WY US","44.56211","-110.3986","2405.5","2023-12-18",,,,,,,"0.00",",,7,0800","0.0",",,7,0800","11.0",",,7,0800",,,"35",",,7","9",",,7",,,,,,,,,,,,
"USC00485345","LAKE YELLOWSTONE, WY US","44.56211","-110.3986","2405.5","2023-12-19",,,,,,,"0.00",",,7,0800","0.0",",,7,0800","11.0",",,7,0800",,,"34",",,7","12",",,7",,,,,,,,,,,,
"USC00485345","LAKE YELLOWSTONE, WY US","44.56211","-110.3986","2405.5","2023-12-20",,,,,,,"0.02",",,7,0800","0.4",",,7,0800","11.0",",,7,0800",,,"39",",,7","22",",,7",,,,,,,,,,,,
"USC00485345","LAKE YELLOWSTONE, WY US","44.56211","-110.3986","2405.5","2023-12-21",,,,,,,"0.00","T,,7,0800","0.0","T,,7,0800","11.0",",,7,0800",,,"34",",,7","25",",,7",,,,,,,,,,,,
"USC00485345","LAKE YELLOWSTONE, WY US","44.56211","-110.3986","2405.5","2023-12-22",,,,,,,"0.00",",,7,0800","0.0",",,7,0800","10.0",",,7,0800",,,"37",",,7","26",",,7",,,,,,,,,,,,
"USC00485345","LAKE YELLOWSTONE, WY US","44.56211","-110.3986","2405.5","2023-12-23",,,,,,,"0.06",",,7,0800","0.8",",,7,0800","11.0",",,7,0800",,,"35",",,7","23",",,7",,,,,,,,,,,,
"USC00485345","LAKE YELLOWSTONE, WY US","44.56211","-110.3986","2405.5","2023-12-24",,,,,,,"0.01",",,7,0800","0.2",",,7,0800","12.0",",,7,0800",,,"24",",,7","4",",,7",,,,,,,,,,,,
"USC00485345","LAKE YELLOWSTONE, WY US","44.56211","-110.3986","2405.5","2023-12-25",,,,,,,"0.00",",,7,0800","0.0",",,7,0800","11.0",",,7,0800",,,"20",",,7","-3",",,7",,,,,,,,,,,,
"USC00485345","LAKE YELLOWSTONE, WY US","44.56211","-110.3986","2405.5","2023-12-26",,,,,,,"0.00",",,7,0800","0.0",",,7,0800","11.0",",,7,0800",,,"19",",,7","3",",,7",,,,,,,,,,,,
"USC00485345","LAKE YELLOWSTONE, WY US","44.56211","-110.3986","2405.5","2023-12-27",,,,,,,"0.00",",,7,0800","0.0",",,7,0800","11.0",",,7,0800",,,"23",",,7","4",",,7",,,,,,,,,,,,
"USC00485345","LAKE YELLOWSTONE, WY US","44.56211","-110.3986","2405.5","2023-12-28",,,,,,,"0.00",",,7,0800","0.0",",,7,0800","11.0",",,7,0800",,,"27",",,7","3",",,7",,,,,,,,,,,,
"USC00485345","LAKE YELLOWSTONE, WY US","44.56211","-110.3986","2405.5","2023-12-29",,,,,,,"0.00",",,7,0800","0.0",",,7,0800","11.0",",,7,0800",,,"33",",,7","10",",,7",,,,,,,,,,,,
"USC00485345","LAKE YELLOWSTONE, WY US","44.56211","-110.3986","2405.5","2023-12-30",,,,,,,"0.00",",,7,0800","0.0",",,7,0800","11.0",",,7,0800",,,"24",",,7","10",",,7",,,,,,,,,,,,
"USC00485345","LAKE YELLOWSTONE, WY US","44.56211","-110.3986","2405.5","2023-12-31",,,,,,,"0.00",",,7,0800","0.0",",,7,0800","11.0",",,7,0800",,,"36",",,7","12",",,7",,,,,,,,,,,,
"USC00488315","SNAKE RIVER, WY US","44.13632","-110.66631","2098.9","2023-12-01",,,,,,,,,,,,,,,"31",",,7","4",",,7",,,,,,,,,,,,
"USC00488315","SNAKE RIVER, WY US","44.13632","-110.66631","2098.9","2023-12-02",,,,,,,,,,,,,,,"25",",,7","15",",,7",,,,,,,,,,,,
"USC00488315","SNAKE RIVER, WY US","44.13632","-110.66631","2098.9","2023-12-03",,,,,,,,,,,,,,,"26",",,7","5",",,7",,,,,,,,,,,,
"USC00488315","SNAKE RIVER, WY US","44.13632","-110.66631","2098.9","2023-12-04",,,"    4",",,7","1.55",",,7",,,"16.0",",,7,0800","20.0",",,7,0800",,,"31",",,7","12",",,7",,,,,,,,,,,,
"USC00488315","SNAKE RIVER, WY US","44.13632","-110.66631","2098.9","2023-12-05",,,,,,,"0.06",",,7,0800","0.5",",,7,0800","18.0",",,7,0800",,,"34",",,7","30",",,7",,,,,,,,,,,,
"USC00488315","SNAKE RIVER, WY US","44.13632","-110.66631","2098.9","2023-12-06",,,,,,,"0.02",",,7,0800","0.0",",,7,0800","17.0",",,7,0800",,,"37",",,7","26",",,7",,,,,,,,,,,,
"USC00488315","SNAKE RIVER, WY US","44.13632","-110.66631","2098.9","2023-12-07",,,,,,,"0.30",",,7,0800","6.5",",,7,0800","21.0",",,7,0800",,,"35",",,7","20",",,7",,,,,,,,,,,,
"USC00488315","SNAKE RIVER, WY US","44.13632","-110.66631","2098.9","2023-12-08",,,,,,,"1.05",",,7,0800","14.0",",,7,0800","32.0",",,7,0800",,,"30",",,7","21",",,7",,,,,,,,,,,,
"USC00488315","SNAKE RIVER, WY US","44.13632","-110.66631","2098.9","2023-12-09",,,,,,,,,,,,,,,"24",",,7","16",",,7",,,,,,,,,,,,
"USC00488315","SNAKE RIVER, WY US","44.13632","-110.66631","2098.9","2023-12-10",,,"    2",",,7","1.22",",,7",,,"4.0",",,7,0800","29.0",",,7,0800",,,"19",",,7","7",",,7",,,,,,,,,,,,
"USC00488315","SNAKE RIVER, WY US","44.13632","-110.66631","2098.9","2023-12-11",,,,,,,"0.00",",,7,0800","0.0",",,7,0800","27.0",",,7,0800",,,"23",",,7","16",",,7",,,,,,,,,,,,
"USC00488315","SNAKE RIVER, WY US","44.13632","-110.66631","2098.9","2023-12-12",,,,,,,"0.00",",,7,0800","0.0",",,7,0800","26.0",",,7,0800",,,"29",",,7","6",",,7",,,,,,,,,,,,
"USC00488315","SNAKE RIVER, WY US","44.13632","-110.66631","2098.9","2023-12-13",,,,,,,"0.00",",,7,0800","0.0",",,7,0800","26.0",",,7,0800",,,"32",",,7","-1",",,7",,,,,,,,,,,,
"USC00488315","SNAKE RIVER, WY US","44.13632","-110.66631","2098.9","2023-12-14",,,,,,,"0.00",",,7,0800","0.0",",,7,0800","25.0",",,7,0800",,,"31",",,7","-10",",,7",,,,,,,,,,,,
"USC00488315","SNAKE RIVER, WY US","44.13632","-110.66631","2098.9","2023-12-15",,,,,,,"0.00",",,7,0800","0.0",",,7,0800","25.0",",,7,0800",,,"31",",,7","-9",",,7",,,,,,,,,,,,
"USC00488315","SNAKE RIVER, WY US","44.13632","-110.66631","2098.9","2023-12-16",,,,,,,"0.00",",,7,0800","0.0",",,7,0800","24.0",",,7,0800",,,"30",",,7","-7",",,7",,,,,,,,,,,,
"USC00488315","SNAKE RIVER, WY US","44.13632","-110.66631","2098.9","2023-12-17",,,,,,,"0.00",",,7,0800","0.0",",,7,0800","23.0",",,7,0800",,,"29",",,7","-10",",,7",,,,,,,,,,,,
"USC00488315","SNAKE RIVER, WY US","44.13632","-110.66631","2098.9","2023-12-18",,,,,,,"0.00",",,7,0800","0.0",",,7,0800","21.0",",,7,0800",,,"31",",,7","-10",",,7",,,,,,,,,,,,
"USC00488315","SNAKE RIVER, WY US","44.13632","-110.66631","2098.9","2023-12-19",,,,,,,"0.01",",,7,0800","0.2",",,7,0800","20.0",",,7,0800",,,"27",",,7","-7",",,7",,,,,,,,,,,,
"USC00488315","SNAKE RIVER, WY US","44.13632","-110.66631","2098.9","2023-12-20",,,,,,,"0.01",",,7,0800","0.4",",,7,0800","20.0",",,7,0800",,,"17",",S,7","14",",,7",,,,,,,,,,,,
"USC00488315","SNAKE RIVER, WY US","44.13632","-110.66631","2098.9","2023-12-21",,,,,,,"0.24",",,7,0800","3.5",",,7,0800","23.0",",,7,0800",,,"32",",,7","7",",,7",,,,,,,,,,,,
"USC00488315","SNAKE RIVER, WY US","44.13632","-110.66631","2098.9","2023-12-22",,,,,,,"0.00",",,7,0800","0.0",",,7,0800","22.0",",,7,0800",,,"34",",,7","17",",,7",,,,,,,,,,,,
"USC00488315","SNAKE RIVER, WY US","44.13632","-110.66631","2098.9","2023-12-23",,,,,,,"0.17",",,7,0800","3.0",",,7,0800","25.0",",,7,0800",,,"38",",,7","28",",,7",,,,,,,,,,,,
"USC00488315","SNAKE RIVER, WY US","44.13632","-110.66631","2098.9","2023-12-24",,,,,,,"0.01",",,7,0800","0.5",",,7,0800","25.0",",,7,0800",,,"28",",,7","-3",",,7",,,,,,,,,,,,
"USC00488315","SNAKE RIVER, WY US","44.13632","-110.66631","2098.9","2023-12-25",,,,,,,"0.00",",,7,0800","0.0",",,7,0800","25.0",",,7,0800",,,"27",",,7","-19",",,7",,,,,,,,,,,,
"USC00488315","SNAKE RIVER, WY US","44.13632","-110.66631","2098.9","2023-12-26",,,,,,,"0.00",",,7,0800","0.0",",,7,0800","24.0",",,7,0800",,,"19",",,7","-23",",,7",,,,,,,,,,,,
"USC00488315","SNAKE RIVER, WY US","44.13632","-110.66631","2098.9","2023-12-27",,,,,,,"0.00",",,7,0800","0.0",",,7,0800","24.0",",,7,0800",,,"24",",,7","-4",",,7",,,,,,,,,,,,
"USC00488315","SNAKE RIVER, WY US","44.13632","-110.66631","2098.9","2023-12-28",,,,,,,"0.00",",,7,0800","0.0",",,7,0800","23.0",",,7,0800",,,"27",",,7","-9",",,7",,,,,,,,,,,,
"USC00488315","SNAKE RIVER, WY US","44.13632","-110.66631","2098.9","2023-12-29",,,,,,,"0.00",",,7,0800","0.0",",,7,0800","23.0",",,7,0800",,,"32",",,7","-9",",,7",,,,,,,,,,,,
"USC00488315","SNAKE RIVER, WY US","44.13632","-110.66631","2098.9","2023-12-30",,,,,,,"0.00",",,7,0800","0.0",",,7,0800","22.0",",,7,0800",,,"33",",,7","-9",",,7",,,,,,,,,,,,
"USC00488315","SNAKE RIVER, WY US","44.13632","-110.66631","2098.9","2023-12-31",,,,,,,"0.00",",,7,0800","0.0",",,7,0800","22.0",",,7,0800",,,"32",",,7","-8",",,7",,,,,,,,,,,,
"USR0000WBEC","BECHLER WYOMING, WY US","44.15","-111.0467","1950.7","2023-12-01",,,,,,,,,,,,,"21",",,U","26","H,,U","19","H,,U",,,,,,,,,,,,
"USR0000WBEC","BECHLER WYOMING, WY US","44.15","-111.0467","1950.7","2023-12-02",,,,,,,,,,,,,"23",",,U","27","H,,U","19","H,,U",,,,,,,,,,,,
"USR0000WBEC","BECHLER WYOMING, WY US","44.15","-111.0467","1950.7","2023-12-03",,,,,,,,,,,,,"21",",,U","30","H,,U","6","H,,U",,,,,,,,,,,,
"USR0000WBEC","BECHLER WYOMING, WY US","44.15","-111.0467","1950.7","2023-12-04",,,,,,,,,,,,,"32",",,U","33","H,,U","30","H,,U",,,,,,,,,,,,
"USR0000WBEC","BECHLER WYOMING, WY US","44.15","-111.0467","1950.7","2023-12-05",,,,,,,,,,,,,"33",",,U","40","H,,U","26","H,,U",,,,,,,,,,,,
"USR0000WBEC","BECHLER WYOMING, WY US","44.15","-111.0467","1950.7","2023-12-06",,,,,,,,,,,,,"29",",,U","44","H,,U","22","H,,U",,,,,,,,,,,,
"USR0000WBEC","BECHLER WYOMING, WY US","44.15","-111.0467","1950.7","2023-12-07",,,,,,,,,,,,,"29",",,U","32","H,,U","25","H,,U",,,,,,,,,,,,
"USR0000WBEC","BECHLER WYOMING, WY US","44.15","-111.0467","1950.7","2023-12-08",,,,,,,,,,,,,"23",",,U","28","H,,U","13","H,,U",,,,,,,,,,,,
"USR0000WBEC","BECHLER WYOMING, WY US","44.15","-111.0467","1950.7","2023-12-09",,,,,,,,,,,,,"12",",,U","20","H,,U","3","H,,U",,,,,,,,,,,,
"USR0000WBEC","BECHLER WYOMING, WY US","44.15","-111.0467","1950.7","2023-12-10",,,,,,,,,,,,,"20",",,U","28","H,,U","12","H,,U",,,,,,,,,,,,
"USR0000WBEC","BECHLER WYOMING, WY US","44.15","-111.0467","1950.7","2023-12-11",,,,,,,,,,,,,"27",",,U","35","H,,U","22","H,,U",,,,,,,,,,,,
"USR0000WBEC","BECHLER WYOMING, WY US","44.15","-111.0467","1950.7","2023-12-12",,,,,,,,,,,,,"24",",,U","37","H,,U","15","H,,U",,,,,,,,,,,,
"USR0000WBEC","BECHLER WYOMING, WY US","44.15","-111.0467","1950.7","2023-12-13",,,,,,,,,,,,,"23",",,U","38","H,,U","12","H,,U",,,,,,,,,,,,
"USR0000WBEC","BECHLER WYOMING, WY US","44.15","-111.0467","1950.7","2023-12-14",,,,,,,,,,,,,"17",",,U","36","H,,U","3","H,,U",,,,,,,,,,,,
"USR0000WBEC","BECHLER WYOMING, WY US","44.15","-111.0467","1950.7","2023-12-15",,,,,,,,,,,,,"17",",,U","37","H,,U","2","H,,U",,,,,,,,,,,,
"USR0000WBEC","BECHLER WYOMING, WY US","44.15","-111.0467","1950.7","2023-12-16",,,,,,,,,,,,,"16",",,U","39","H,,U","3","H,,U",,,,,,,,,,,,
"USR0000WBEC","BECHLER WYOMING, WY US","44.15","-111.0467","1950.7","2023-12-17",,,,,,,,,,,,,"14",",,U","37","H,,U","-1","H,,U",,,,,,,,,,,,
"USR0000WBEC","BECHLER WYOMING, WY US","44.15","-111.0467","1950.7","2023-12-18",,,,,,,,,,,,,"22",",,U","39","H,,U","5","H,,U",,,,,,,,,,,,
"USR0000WBEC","BECHLER WYOMING, WY US","44.15","-111.0467","1950.7","2023-12-19",,,,,,,,,,,,,"28",",,U","45","H,,U","19","H,,U",,,,,,,,,,,,
"USR0000WBEC","BECHLER WYOMING, WY US","44.15","-111.0467","1950.7","2023-12-20",,,,,,,,,,,,,"33",",,U","39","H,,U","24","H,,U",,,,,,,,,,,,
"USR0000WBEC","BECHLER WYOMING, WY US","44.15","-111.0467","1950.7","2023-12-21",,,,,,,,,,,,,"34",",,U","44","H,,U","25","H,,U",,,,,,,,,,,,
"USR0000WBEC","BECHLER WYOMING, WY US","44.15","-111.0467","1950.7","2023-12-22",,,,,,,,,,,,,"32",",,U","45","H,,U","24","H,,U",,,,,,,,,,,,
"USR0000WBEC","BECHLER WYOMING, WY US","44.15","-111.0467","1950.7","2023-12-23",,,,,,,,,,,,,"24",",,U","32","H,,U","14","H,,U",,,,,,,,,,,,
"USR0000WBEC","BECHLER WYOMING, WY US","44.15","-111.0467","1950.7","2023-12-24",,,,,,,,,,,,,"4",",,U","22","H,,U","-10","H,,U",,,,,,,,,,,,
"USR0000WBEC","BECHLER WYOMING, WY US","44.15","-111.0467","1950.7","2023-12-25",,,,,,,,,,,,,"0",",,U","23","H,,U","-14","H,,U",,,,,,,,,,,,
"USR0000WBEC","BECHLER WYOMING, WY US","44.15","-111.0467","1950.7","2023-12-26",,,,,,,,,,,,,"3",",,U","24","H,,U","-14","H,,U",,,,,,,,,,,,
"USR0000WBEC","BECHLER WYOMING, WY US","44.15","-111.0467","1950.7","2023-12-27",,,,,,,,,,,,,"6",",,U","27","H,,U","-8","H,,U",,,,,,,,,,,,
"USR0000WBEC","BECHLER WYOMING, WY US","44.15","-111.0467","1950.7","2023-12-28",,,,,,,,,,,,,"21",",,U","40","H,,U","6","H,,U",,,,,,,,,,,,
"USR0000WBEC","BECHLER WYOMING, WY US","44.15","-111.0467","1950.7","2023-12-29",,,,,,,,,,,,,"21",",,U","44","H,,U","8","H,,U",,,,,,,,,,,,
"USR0000WBEC","BECHLER WYOMING, WY US","44.15","-111.0467","1950.7","2023-12-30",,,,,,,,,,,,,"25",",,U","43","H,,U","10","H,,U",,,,,,,,,,,,
"USR0000WBEC","BECHLER WYOMING, WY US","44.15","-111.0467","1950.7","2023-12-31",,,,,,,,,,,,,"25",",,U","40","H,,U","9","H,,U",,,,,,,,,,,,
